nama_tempat,user,review,rating
unknown location,hairin,"Duduk menikmati ombak di tepi pantai, sambil minum kelapa muda. Harga kelapa masih wajar  Rp. 12.000,- per buah.",4
unknown location,muhammadsafei,"pantai nya bagus, tapi agak kotor, terakhir kesini kena pungli, dan kemarin abis kesini lagi hampur kena salah sasaran dari orang yg mabuk, gak waras oknum oknum disana, hampir di pukulin rame rame teman saya oelh gerombolan mereka, semoga orang itu ditangkap dan segera diberi sanksi, parah bgt",1
unknown location,Joseph Gabriel,"Pantai Labuhan Jukung merupakan salah satu pantai terkenal di Pesisir Barat. Terletak di pusat kota Krui, pantai ini merupakan icon dari Krui, dan dapat disebut sebagai ""Kuta""nya Lampung. Disini tersedia banyak jajanan mulai dari makanan …",5
unknown location,mey deb,"Pantainya bersih, pasirnya putih, ada tempat nongkrong2 di bawah pohon rindang jadi adem sambil minum kelapa yang harganya 10k.
Masuk mobil bayar 5k, per orang bayar 3k murah harga gak digetok, pariwisatanya …",5
unknown location,Muhammad Ikhwan,"Tiket masuk IDR10.000/motor.
Pantai & Pemandangan nya bagus cuma sayang kurang terawat.
Masih banyak sampah berserakan dan area berfoto nya banyak yang rusak.",3
unknown location,Risma Aini,Pemandangan bagus akses mudah🤩🤩 …,5
unknown location,28. Tasya Marliani,"Pantainya bagus. Ombaknya lumayan besar untuk surfing, bisa liat sunset disini dengan jelas. Namun, ada satu sisi pantai yang kotor dan banyak sampah. Sepertinya jarang dibersihkan karna benar2 bertumpuk di pesisir pantai. Untuk makanan …",4
unknown location,Yadi Priadi,"Santai sore pas kesini. Berjalan kaki kesini seyelah makan bakso ikan yang terkenal di Krui. Lokasinya bersebrangan dengan lapangan sepak bola Krui
Disini ada banyak yang berjualan makanan dan jajanan …",5
unknown location,Nana Listiana,"Pantai di Lampung gak kalah Indah.
Biaya masuk ke sini sangat terjangkau.
Hanya saja jarak tempuh memang lumayan jauh dari Kota Bandar Lampung.
Namun sepadan dengan keindahan pantainya.",5
unknown location,Liza Onafia Putri,"Lautnya indah, biru banget. Sekitarnya udah kayak alun alunlah ada tempat jual makanan dan minuman, jual/tempat mainan untuk anak anak, dsb. Masuk kemarin pas masih suasana lebaran harga tiket 3k/orang. Bagus sihh tapi mungkin karena suasan lebaran jadi rame banget.",5
unknown location,Tito Alriando Wirajaya,"saya touring dari balam ke sini tak kira bagus taunya biasa aja, harga tiket masuk 5k sih murah tapi kayak ga keurus gitu karna banyak sampah pinggir laut. semoga kedepannya pihak pengelola memperhatikan kebersihan pantainya karna mengingat ini termasuk ikon kota pesibar",4
unknown location,Aditya Karnawiredja,"Pantai Labuhan Jukung menjadi salah satu dari wisata pantai yang sekaligus menjadi wisata pulau. Pulau yang terletak di seberang pantai bukan menjadi spot utama dari destinasi wisata alam ini. Walau demikian, keberadaan dari pulau tersebut …",5
unknown location,Fania,"Pantainya indah sekali terutama saat sunset. Bersih juga karena tiap hari ada petugas kebersihannya. Hanya saja ketika mereka bakar sampah, bau asapnya cukup mengganggu. Pagi hari adalah waktu yabg sangat tepat untuk bermain air (kalau …",5
unknown location,Zeroun Hudatemus,"Hari Minggu ada pasar tumpah
Cocok untuk dewasa
Anak2 belum ada tempat main air
Retribusi liar tanpa ada tiket",5
unknown location,Novvia Susantika,"Mantaapp...
Pantai yg bernama labuhan jukung adalah pantai laut lepas samudra Hindia.. soooo bagi yg tidak menguasai antai hati hati yaaa gais untuk berenang disini. …",5
unknown location,MR. Popeye darat,"Tempat yg sangat indah.
Hanya pecinta ombak yg berlama lama di sisni.(seperti saya)
Saya merekom anda yg suka berburu ombak. …",5
unknown location,Aprilianisme Dian,"Enak nyantai sore2, rekomen jajan kelapa muda aren sambil liat pantai... Jajanan masih standar harganya ya, Parkir 15rb, pantainya bersih.",5
unknown location,Evin Sihaloho,"Pantai nya hanya bisa di nikmati untuk foto2 dan santai sambil minum kelapa hijau dan makan indomie. Tidak direkomendasikan untuk berenang karena ombaknya besar. Bisa bersantai di pinggiran atau pendopo, dan tenda2 yg disediakan (free) …",3
unknown location,Abel Nathania,"Sudah dua kali ke pantai ini kalau lagi main ke tempat adekku yg di liwa pasti selalu mampir kesini...
Pasirnya putih dan ombaknya besar, jadi anak2 harus selalu di perhatikan orang tua kalau berenang, cuma memang masih banyak sampah...",5
unknown location,kakak Zack,"LABUHAN JUKUNG Plaza Tepi Pantai
Seperti kota-kota lain ibukota kabuten Pesisir Barat juga memiliki ruang terbuka hijau, uniknya karena kota Krui ini terletak di tepi pantai maka RTH juga …",3
unknown location,Rijanto,"Pantai bersih, bisa buat surfing dan santai bersama keluarga.",5
unknown location,MOH ANSORI,"Tempat wisata yang cocok bagi semua usia,
Pemandangan yang indah,
Apalagi waktu ada senja, …",5
unknown location,Angga Meygi Berta,"Pelabuhan Jukung di Pesisir Barat Kabupaten Pesisir Barat, Provinsi Lampung
lokasi pantai yang menarik dan makin apik
dengan nuansa pantai yang berhadpan langusng dengan samudera hindia …",5
unknown location,Renaldi Okta Pratama,"Cocok untuk bersantai karena bnyak angin sepoi"" dan pemandangan yg cukup baik selain dari pada ombak"" di laut bahkan bisa menikmati indahnya melihat lumba"" yg melompat",5
unknown location,yopie franz,"Pantai indah di Krui Pesisir Barat.

Asyik buat santai pagi atau sore. Banyak warung yang jual makanan dan minuman. …",5
unknown location,Lolita Siregar,Pantai yg lumayan bagus dan sangat cocok untuo bersantai bersama keluarga di pinggiran pantai terdapat beberapa jajanan yg bisa dinikmati,5
unknown location,SULUNG PUTRA,"Cukup ramai dan sangat indah, salah satu destinasi wisata yg payut utk dikumjunhi di pesisir barat Lampung",3
unknown location,Bertha Wina,"Bersih, aman, ada banyak kreasi anak2 jadi siap2 kalau bawa anak sibuk keliling maen odong2,mobilan, mandi bola, trompolin dll. 😁 …",5
unknown location,Arif Hiks,"Pantainya indah banget, penduduknya pun ramah yang buat saya betah berlama-lama di krui.
Untuk labuhan jukung ini bintang 5+ deh selain tempatnya umum mulai dari masuk …",5
unknown location,Ilyas David,"Fasilitas perlu di perhatikan lagi oleh pengelola, dan bangunan yg sudah lapuk harapannya di rubuhkan, untuk view sangat bagus",4
unknown location,ell fandi,"nyantai, banyak makanan dan minuman.
Petis 10K
Es kelapa 10K …",5
unknown location,Sanak Lampung,"pantainya bagus cocok buat liburan keluarga, fasilitas nya juga lengkap harga tiket gak terlalu mahal",4
unknown location,Tiwul 88,"Salah satu spot wisata pantai yang terkenal di Krui pesisir barat Lampung, tempatnya asik untuk berlibur bersama keluarga, terdapat juga kuliner yang terdapat disini salah satunya bakso ikan dua samudra yang cukup terkenal.. bulan Maret sampai November banyak bule yang berkunjung disini...",4
unknown location,ogi marsenal,"Pantainy bagus untuk tempat liburan dgn keluarga. Tidak ada biaya tiket masuk, beli makanan dan jajanan di sekitar juga sangat terjangkau. Dan yang paling penting, warga di pesisir barat sangat ramah dan bersahabat",5
unknown location,Amel,Pengen ke sini lagi duduk santai sambil lihat sunset. Sunset terindah yang pernah aku lihat diantara semua pantai di lampung🥺 …,5
unknown location,Ardian Isnanto,"Seru tempatnya dan serba murah, tapi sayang gak bisa mandi karena laut lepas jadi ombaknya gede",5
unknown location,Peti yose,"Tempat nya bagus tp alangkah baik nya kalau tidak ada pungutan biaya di tempat ini, kecewa si dari dulu ga pernah bayar sekarang masuk aja tiap motor 13rb,
Terlalu mahal si buat ukuran orang disini, kaya nya aji mumpung banget ya buat mereka2 yg suka mintain uang masuk pas lebaran gini😏 …",4
unknown location,Safriandi,"Salah satu pilihan destinasi wisata yang cukup menarik untuk dikunjungi wisatawan yang ingin menghabiskan waktu berlibur bersama keluarga dan teman serta sanak saudara, tempat yang bersih dan nyaman serta terjangkau",5
unknown location,HIDAYAT 25,"Mantul... Itu kesan pertama pas datengin tempat ini.. Biaya masuk murah udah dapat pasir putih yang alus banget dan enak nya, kita masih bisa eksplor daerah sekitar karna emang bagus bangus tempat nya,, recomended banget nih buat yang suka pantai.. Sini main ke pesisir barat, lampung😊 …",5
unknown location,duaistanto,"Pantainya bagus, warna laut putih kebiruan.. lokasi pas buat surfing. Hanya perlu menunggu investor untuk datang dan mengembangkan kawasan wisata pantai ini.",5
unknown location,Nadhira Syarifah,Tempat utk bersantai bareng kluarga dan teman2 yang nyaman. Bisa minum dogan sambil menimati indahny ombak serta di kab. Pesisir barat,5
unknown location,ARVINO SAURUS,"Suka bangeettttttt lautanyaa bersiihhhh
Saran kalo mau foto pilih yg dibelakang tulisan labuhan jukung. Krna pasirnya bersih gk bnyk ranting2.",5
unknown location,Rani Sari,"Waktu kesini cuaca lagi buruk, hujan + angin kencang, jd ga bs menikmati suasana. Tp ini memang tempat yg indah",5
unknown location,DREDROIDS,"pantainya lumayan bersih, pasir putih, hanya kesadaran pengunjung aja yg harus menjaga kebersihan pantai ini, tempat sampah sdh ada. sebaiknya dijaga kebersihannya. sampah yg terlihat ada beberapa sampah organik dari pantai sisa kayu atau pelepah kelapa",4
unknown location,Yuzkar Efendi (Fendi),"Wisata Pantai Paling keren di Kota Krui Pesisir Barat Lampung , yuuuk Liburan kesini pantainya dan pasirnya sangat indah",5
unknown location,Haryadi hamzah,"Ombaknya besar, bagus untuk belajar ski, Sekarang lagi sepi, karena corona..., mudah-mudahan normal kembali..",4
unknown location,Anita Yuli,"pantai dan laut yg indah, pokoknya sukaaa banyak penginapan pinggir pantai, anak2 seneng main pasir dan ombak di pinggir pantai, airnya bersih TOP",5
unknown location,Indra Hardianto,"Air lautnya bening, pasirnya lembut sekali, pantainya panjang dan ombaknya cukup besar, sehingga banyak turis mancanegara yg surfing di pantai ini. Sayangnya infrastruktur sarana & prasarana masih sangat minim sehingga sangat disayangkan …",5
unknown location,Ardi Bho,"Aman,nyaman dan menyenangkan",5
unknown location,Abbasy Channel,"Pantainya mantaappp. . . Ombaknya mantaappp, banyak orang surfing, banyak bule jugaaa. . . Sayang jauh banget dari kota Bandar lampung. Berasa banget, jadi 1-2 hari kayanya kurang kalo kesana, biar gk cape bolak balik di perjalanan. Mungkin 3-4 hari kali yaa, seminggu juga boleh 😂 …",5
unknown location,Fabian Parulian,Deburan ombak yg besar sangat mempesona dan fasilitasnya lumayan baik.  Hanya karena kondisi pandemi covid maka tempatnya ditutup sementara dan berakibat terbengkalainya beberapa sarana.,5
unknown location,Febry MceVean,"Benar2 pulau yg amazing...
Sangat disayangkan pengelolaan n pengembangan nya gak maximal.. pdhl alamnya sangat luar biasa bangeeeetttt",4
unknown location,M. Okta,"Pagi pagi jalan dan nongkrong di pantai tanpa bisa menikmati kopi.
Secara pas lagi bulan Ramadhan 1442 H.
Jam 07:30 WIB belum ada petugas loket  jadi masih bebas keluar masuk.",4
unknown location,Bisri syamsuri,"Pantainya landai tapi tetep harus hati-hati karena ombaknya gede. Kalo anak kecil harus dengan pengawasan bisa ketarik ombaknya.
Kalo pas ketemu cuaca bagus, sunset nya keren banget. Penduduk lokal nya jg …",5
unknown location,deka adiftha,Pantai nya bersih. Masuk 5 dewasa 4 anak anak cm 20.000. Pondokan gratis tapi harus jajan makanan atau minuman. (Worty lah iia. Masa iia mau gratisan) kopi 5 rb. Kelapa murni 10 rb. Normal.,5
unknown location,Azis FA,"View sunset paling kereenn di lampung, penduduk ramah bgt. Fasilitas lengkap, jangan lupa jaga kebersihan!",5
unknown location,Iga Mawarnii,"Jauh jauh merantau ke kota orang, gaada yg terbaik pantainya selain labju penuh kenangan eaa ~",5
unknown location,Rina Kartika Fanhar,"Tempatnya asik, bersih.
Toiletnya juga bersih, ga kayak pantai lainnya.
Masuknya murah banget, cuma Rp 3.000/ orang. …",5
unknown location,Bikers Pincang,"Asli Labuhan jukung kruii Indah Banget Dengan Ombak Nya Dan Pantai Nya,pantesan Banyak Bule kesini",4
unknown location,Putri Wahyudi,"Super cantik. Deket jalan raya. Lebih indah dari foto. Harus dateng langsung, walaupun warung seafood cuman beberapa (buatku agak aneh, terbiasa di pulau jawa sih, hehehe maaf)",5
unknown location,Bayu Septian,"Tempat nyore tiap hari , buat hunting foto sunset , buat mandi anak2 , tempatnya bagus",5
unknown location,Cio Hasudungan,"Cocok untuk rekreasi bersama keluarga, lingkungannya bersih, banyak kuliner yang ditawarkan dan keindahan pantai mendukung daya tarik wisatawan",5
unknown location,Ranita 5517,"Tempat yang bagus untuk berwisata...

Selalu ramai setiap harii.. Apa lagi di hari"" besar",5
unknown location,R X,"Salah satu tempat wisata yg ada di Krui, Pesisir Barat. Kurang lengkap kalau ke Kabupaten ini belum menikmati Pantai Labuhan jukung ini.
Tetap jaga kebersihan pantainya ya, salam lestari .!",5
unknown location,Moch Randy Setyanugraha,"Disini makanannya lumayan menguras dompet tapi bagi sekedar liburan bertemu pasir putih dan berenang sangat cocok walaupun ombak lumayan kencang di usahakan hati-hati tersedia juga penginapan yang tak jauh dari pantai disini , diusahakan …",5
unknown location,Atta barber,"tempat nya bagus cuma kebersihan nya yg kurang trus udah gak kerawat gitu,, coba aja kalo di kelola lagi pasti bagus bnget ,  terimakasih",3
unknown location,Kks toto,"Tempat nya bagus,cocok buat keluarga,nyaman ,tinggal dipoles dikit lagi 👍👍👍 …",5
unknown location,Muhammad Kazoku,"Parkir gratis, masuk kawasannya juga gratis. Harga makanannya juga relatif murah.",5
unknown location,herlan heriza,"Tempat refreshing yg nyaman, kita bisa Nongki Santai di tepi Pantai sambil memanjakan mata melihat sunset di laut lepas ufuk barat, ombak besar bagus buat surfing bareng Bule Mancanegara.",5
unknown location,dian,"Bagus, dogannya seger. Enak. Ada tempat sewa sepeda sehingga bisa keliling naik sepeda sekitar lantai",5
unknown location,nia pratiwi,Pantai pertama yg gw kunjungi pas pertama kali menginjakkan kaki di Krui... dr Jaman bahela Krui emang terkenal sebagai surganya bule2 untuk surfing jd gk heran pertama kali liat pantainya langsung disuguhkan dng pemandangan ombaknya yg bikin gw tersepona🤣 #norakmodeon …,5
unknown location,Dhori,"Salah satu pantai yang memiliki ombak terbaik didunia, jadi spot surfing, banyak bule dari manca negara jauh jauh kesini cuma buat surfing loh karena keindahan pantai dan keindahan ombaknya, tempatnya bagus bersih nyaman, worthit buat reakreasi bareng keluarga juga sipp",5
unknown location,Rita Anggraini,Kalo kesini pasti cari penginapan dipinggir pantai ini biar bs mnikmati keindahan sunset n pagi2 bisa berendam di laut...👍👍👍 …,5
unknown location,Anita Azis (nitnot),Pantai dengan ombak besar dan pemandangan yg indah menyejukkan mata,4
unknown location,Rully Lpg,Bagus lumayan ramai pengunjung dari luar Lampung. Makanan dan minuman masih bersahabat harganya..,5
unknown location,Metredz,Labuhan Jukung Krui Ikonik pantai di pesisir barat. Htm 3k mobil 5k.,5
unknown location,Revi Rosi Yanti,"Pantai ini ombaknya memanjakan mata bgt,, udah 2 kali ke pantai ini, dan ulasan ini aku bikin di kunjungan yg ke dua kalinya. Pantainya makin bagus, makin bersih. Sayangnya cuaca tidak mendukung. #humb baru bentar dah hujan jd gak bisa …",5
unknown location,agung sektiono,Tempatnya masih asri blm banyak pengunjung enak buat mengjilangkan penat samudra yg begitu luas,5
unknown location,Vera Nozalina,Pantainya bersih air lautnya jernih pasirnya putih keren deh pokoknya gak nyesel kepantai labuhan jukung krui,5
unknown location,Noer endho,"Pantai yang terletak tidak jauh dari kota Krui ini lumayan bersih dengan dengan gelombang laut lepas cocok buat liburan keluarga bisa buat surfing, namun harus waspada karena banyak anjing yang berkeliaran disekitar lokasi pantai",4
unknown location,rumaisa hilya karima,"Tempat rekreasi yang bagus untuk anak- anak banyak wahana bermainnya, untuk  umum pun disana pantainya bagus.",5
unknown location,Elisabeth Merrylen (Little Miss Merry),"Hemm, ini labuhan jukung ikon kota Krui cenderung tidak terawat yaaa. Ada pondok2 dipakai untuk anak2 sekolah duduk2. Ada warung kecil, pelayanannya baik sekali, kita duduk di bawah pohon dan di tawarin tikar gratis. ❤️ Orang2nya ramah.",3
unknown location,Arga Aditama,"Suasana nyaman, pemandangan jos gandos dengan banyak orang berjualan makanan ringan. Kita disuguhi pantai dan pegunungan bukit barisan. Cocok untuk liburan sekeluarga.",3
unknown location,Novrin Dwinka,"Pantainya bagus, pasirnya bersih dekat kota jadi gak susah cari makanan, untuk tempat nginap ada juga di sediakan tapi berhubung cuma mampir jadi gak sempet cari tau tentang harga",5
unknown location,emen ly,"Pantai lumayan bersih,ombaknya besar jd ada larangan berenang kecuali main air dipinggir pantai",5
unknown location,Muhammad Luthfi,Utk sekedar isi waktu libur lah ya... utk kebersihan kayanya perlu sedikit ditingkatkan oleh pihak pengelola... tapi ombak nya enak untuk Surfing (kalau lg ga pasang),5
unknown location,Sigasik Express,"Murah meriah, masuk mobil 6 orang cuma diminta 15rb aja... Tempatnya nyaman ombak besar, tempat asik, bikin betah berlama-lama di sini...",3
unknown location,Ahmad Fahrudin,"Asik di pantai nyaaa, laut nya bersih tidak ada sampah, dan banyak orang yg berkunjung",5
unknown location,Afida Urfan Viarini,"Tempatnya bagus, ombaknya indah, kekurangannya adalah kurang perawatan dari pihak terkait",4
unknown location,Vita Mei,Lokasi...bersih..nyaman...harga makanan dan minuman standar...,5
unknown location,Sukron Nasir,"Mantap, pntai nya indah dan pasirnya bersih. Namun sayang sampah masih berserakan di pinggir pantai",5
unknown location,Mas Daus,"Labuhan Jukung Terletak di pinggir pantai Krui, ibukota dari Kabupaten Pesisir Barat, Provinsi Lampung. …",5
unknown location,BajiTa,"Ombaknya besar banget, penduduknya ramah, banyak tempat bersantai kursi-kursi,rumah rumahan gratis.. Recommended",5
unknown location,Dio Firnando,"Culture nya beragam dan tempat ny terbuka sekali untuk semua kalangan, kl sy nyebut nya Krui itu Little Bali nya lampung, yg datang dari jauh, siapin uang lebih untuk sewa penginapan.. …",5
unknown location,Inggar Rayi,Seru sekali lihat deburan ombak disini. Ombaknya cocok untuk orang yang ingin belanar selancar,4
unknown location,dadang sa,Tempat wisata paling populer di pesisir barat kalo liburan wajib ni kesini,5
unknown location,Lita Hapsari,"Ombak dan pemandangannya bagus, hanya sayang kurang terawat dan kotor",4
unknown location,Meilina Purwaningsih,"16 April 2024
Pantai nya indah banyak yang jualan di pinggir pantai harganya terjangkau",5
unknown location,Munazar Ali,"Suasana yg tidak terlalu ramai ,pantai masih bersih dari sampah , ombaknya lumayan besar untuk melakukan aktivitas surfing",5
unknown location,Junjungan Studio,"Saya suka tempat ini, tapi sayannya pantainya kurang terawat terlihat dari fasiltas disekitar yang mulai usang dan kurang sentuhan pemerintah setempat.",3
unknown location,muhammad rifai,"Tempat yang wajib di kunjungi karena ombak nya yang besar dan pemandangannya yang sangat bagus bagi refleksi mata hehe.
Banyak spot untuk swa foto bareng keluarga gebetan maupun bareng pacar.",5
unknown location,Redmi 10,Lanskap lebar untuk mengamati hilal dan keindahan alam 🌳☘️😊🌟 …,5
unknown location,Zuyin Urfa,Jam 5 air sudah pasang jadi satang sebelum jam 5 kalo mau berenang air jernih pasir bersih,5
unknown location,Titien Ariyani,"Kereeen,bersih dan nyaman tempatnya,sdh banyak yg berjualan makanan jg minuman",5
unknown location,ananda afrida,"Tempat luar biasa eksotik, di sekitar pantai juga tenang, sejuk dan banyak hotel murah walaupun agak jauh dari pantai nya..
Banyak cafe2 pinggir pantai yg kalau menurutku sih biasa aja (ga banyak menu …",5
unknown location,Jaya Purnama,"Keren Labuhan jukung, sayangnya gak dapet sunset karna cuaca gak mendukung🤔 …",5
unknown location,Aqsa Driatama,Salah satu tempat wisata yg bagus di kampung halaman. Semoga makin terawat,5
unknown location,Selamet Susanto,Tempat yang cocok untuk refreshing dan menikmati sunset di pinggir pantai,5
unknown location,Nanang Sutrisno,"Tempat rapi dan bersih, ada banyak tempat nongkrong menikmati pantai dan minum kelapa muda, pegawai dinaspun ramah2 pada rombongan kami,",4
unknown location,Hartoyo Faiz aqila,Tempat yg indah untuk bersantai bersama keluarga dan yg terpenting aman dan nyaman.,4
unknown location,NU style,Sering banget refreshing kesini tempat yg nyaman damai & beautiful of sunset.,4
unknown location,DANG ASA,Labuhan jukung krui memang asik tempat santai santai banyak penjual dan penginapan di pinggir pantai,5
unknown location,Dessy Yenni,Tempat refresh tepi laut sambil menikmati bakso ikan tuhuk khas daerah Krui Pesibar,5
unknown location,bahruddin fuad,Bagus,5
unknown location,Revi Jayanti,"Krui pantai jukung, tempat nya lumayan bagus, pantai nya bagus, pemandangan nya bgus, dekat tempat nongkrong, tapi terlalu rame kalo mau main di pantainya",5
unknown location,Heri Hidayat,Cocok unt Melihat indahnya sunset 🏖🏖🌅👍👍 …,5
unknown location,Yeni Apriliakurnia,"Banyak kuliner, aneka permainan anak, cocok buat santai bareng keluarga😁 …",5
unknown location,Ngah Lusi,Pantai krui lab-ju...pantai yg indah...ada berbgai mcam kuliner nya d pinggr pantai...ada jg turiz2 asing..dan ad jg tempt penginpan yg terdekt dgn pantai lab-ju../hotel...pokok nya beautyfullll pantai labuhan jukung,5
unknown location,Muhammad Budiman (Budiman),"Kalau melihat selancar jadi kepengen ikutan bermain,semoga krui tambah rame",5
unknown location,Vrengki Anggi Purnomo,Pesona pantai labuan jukung yang indah. Bisa menikmati sunset dan sunrise yang luar biasa . Bisa juga kulineran dan minum degan yang segar,4
unknown location,Tommy Anggoro,"Pemandangan bagus, asik buat berenang dan main papan seluncur",5
unknown location,PERMISI,"Kota Krui adlh kota Wisata yg menyuguhkan  Kedamaian duniawi, yg menjadi wisata salah satunya adlh dari sektor Pariwisata pantainya... yg ombaknya memikat Touris Lokal maupun mancanegara.",5
unknown location,triyanto hadi,"Pantai putih brsih,dg panorama lautn lepas,nyamn suasanany.",4
unknown location,orang biasa,"pantai dengan pemandangan, air, ombak yg mengagumkan. banyak pantai yg keren di krui dengan jalan yg berkelok-kelok yg mengasyikkan.",4
unknown location,Ricky Danang Pratama,Pantai nya bagus oke banget deh kalo buat poto poto,5
unknown location,ARDO SAPUTRA,"Negeri ulama dan para say batin, banyak makanan khas daerah dan wisata kuliner khas daerah, sport surfing dan wisata laut",4
unknown location,Agian H,"Bagus, indah... Membuat ingin kesini lagi lagi dan lagi...",5
unknown location,Agung Budi Prabowo,"Tempat nya gak terawat, pemda pesisir kurang memperhatikan.  Kalo d rawat pasti keren tmpat nya.",5
unknown location,nisrina nazihah,"Tempatnya bagus, pasirnya panjang dan putih, ombaknya landai jadi aman untuk surfing, trs masuk jg ga bayar, trs orang orang disini pada ramah:)",5
unknown location,Catatan Carina,Enak untuk memandang laut lepas lokasi tidak jauh dari lintas barat sumatera  cocok untuk melepas penat,5
unknown location,Naila Aspriani,pantainya bagus tp byk sampah... ga bisa mandi ombaknya gede,4
unknown location,Wilujeng Lestari,Pantainya bagus. Namun sarana publik tidak diurus dengan baik,4
unknown location,Suranto Suranto,Seru abis ga ada abisnya bila sdh disana seperrinya ga mau pulang,5
unknown location,Mulyadi Hadiwijaya,Pantainya bersih sayang saat itu mendung,5
unknown location,Erni Purnamasari,Lmyn bagus tempatnya cmn kurang kebersihan aja saat ksana lebaran kmrn,4
unknown location,RS OFFICIAL,"Karena tempatnya masih sangat asri dan juga menarik, tidak ada pungutan biaya ketika memasuki pantai",5
unknown location,Muhammad yonanda Putra,"Salah satu tempat yang sangad banyak pengunjung dan peminat nya baik dari daerah Lampung maupun luar Lampung,pokoknya labuhan jukung i like it",5
unknown location,maulana defri,Pantai labuhan jukung Krui  pas banget buat kamu yang suka selfie.. recommended banget gaess buat dikunjungi 😎😎 …,5
unknown location,Sutihat Fadzakkir,"sesungguhnya krui punya cerita

@sutihat_fadzakkir
@sf_studiophoto",5
unknown location,Hesti Gusela,"Jika hari cerah sunset nya jadi salah satu terbaik, ditemani deburan ombak. Ademmmm",4
unknown location,Rahmadia Lena,"Pengalaman saya banyak disini bisa dapat kebahagiaan, melihat suasana yg indah. Dan enk Untuk di kunjungi😊 …",5
unknown location,Agung Try Prasetyo,"Tempat nyaman untuk santai melepaskan penat di Kota Krui, Kabupaten Pesisir Barat, Provinsi Lampung",5
unknown location,Radin_ Ray,Tempat berwisata dgn keindahan pantainya yg masih alami dan juga yg ingin melihat indahnya sunset diwaktu senja.,5
unknown location,Meila Andita,"2x kesana bawaan nya pengen ke sana terusss..
Gak bosen, gak ada obat nya..
Bnr2 bisa ngilangin stress. …",5
unknown location,Bangsa Raya,"Tempat nya bagus untuk rekreasi keluarga, dan selalu waspada karna ombak nya besar",4
unknown location,Barbatos,tempat wisata laut yg tak kalah indah dan kotor nya seperti bali :(,5
unknown location,Aguung santoso,mungkin kalau dijaga kerapihannya akan lebih bagus,4
unknown location,lucky lacky15,"disini sangat sangat strategis untuk menikmati sundsed , dengan catatan cuaca mendukung",5
unknown location,siska amelia,Recomended banget buat pemburu spot selfie,5
unknown location,pemburu hero,Luar Biasa Labuhan Jukung Sebagai Spot Surfing bisa menjadi alternatif olahraga surfing,5
unknown location,ramsi yana,Laut ny sangat indah ombak nya luar biasa😍 …,5
unknown location,Rizki Nurnawata,"Wisata yg cukup lumayan jauh hehe, tempatnya sedikit kurang terawat",4
unknown location,Kristian Aji,"Ada banyak pungli sekarang, beda gak seperti dulu lagi",2
unknown location,dennis hermawan aristam patty,Sayang masih blum dikelola secara maximal....,3
unknown location,aldiano dohertian,"Pantai yang bagus dan orang orang nya pun ramah, dinas pariwisata yang berada di depan pantai adalah yang terbaik yang ada di lampung,",5
unknown location,tito heri,"T3mpat nyantai klo sudah lelah...ada kelapa muda dan jajanan, lengkap...special bakso ikan...",5
unknown location,DAFTAR BERITA,Karna disitu kita bisa melihat pemandangan yang indah dan asri serta kita akan merasa tenang,5
unknown location,Yanto Nicho,"Masyarakat nya ramah,pantai lumayan bersih",5
unknown location,fuad zuhri,"Tempatnya bagus, ditingkatkan lagi perawatan dan fasilitas.",5
unknown location,arya Sp,"Tempatnya bagus, tapi banyak sampahnya",4
unknown location,mahes wari,Pantai ny masih asri bersih dan pedagang ny ramah...,4
unknown location,Artonis Channel,Tempat yg menyenangkan u berlibur,5
unknown location,Sabiya K Hanifa,Untuk sekedar beristirahat dari perjalanan jauh cukup bagus. Bisa menikmati es degan dipinggir pantai dan petisan Abang gerobak biru yg enak.  Dan anak2 bisa bermain pasir dipinggir pantai dengan aman tentunya di dampingi orang tua. Namun …,3
unknown location,Butet “Situmorang”,"Suka banget si kalau holiday disini, foto ini diabadikan 2januari22 padat pengunjung guys.",5
unknown location,Di'in Mubtadi'in,"Bersih, Rapi, Aman dan Nyaman.
Bebas Biaya Masuk & Parkir Kendaraan.",5
unknown location,kucing lucu lili lulu 1515,Gak sia sia kesini keren banget kek di bali,5
unknown location,edo Ramesha,Pantai nya Ok. Tp kurang diperhatikan kebersihan nya,3
unknown location,deni fazri,"Pantai ini indah banget, enak banget buat temen-temen yang ingin bertamsya, untuk masuk ketempat ini pun gratis dan tidak dipungut biaya sama sekali. Air nya juga masih bersih, banyak pohon, banyak tempat makan, dan pantai ini juga banyak …",5
unknown location,Mash Dahhal,Pemandangan nya super bagus,5
unknown location,Dendi Prayoga,"Tempat dengan view samudera yang sangat jelas. Deburan ombak yang merdu, cuaca cerah membuat suasana menarik. Cocok menikmati suasana dengan minum es dugan yang disediakan di sekitar pantai …",3
unknown location,Alpiero Eriga,Pantai indah dengan ombak yang besar. Cocok untuk berselancar tp kurang cocok untuk anak2.,5
unknown location,Doni Wijaya,"Pantainya bersih, ombaknya besar, sangat nyaman",4
unknown location,TRAVEL HADI JAYA,"Hadi jaya Jakarta lampung timur
081368616399",5
unknown location,Tanpa Judul,Tempat yang indah dan bagus buat liburan keluarga,5
unknown location,iqbal hidayat,"Deket kostan, ada es kelapa muda mas Mul. Sunsetnya bagus pol.",5
unknown location,Heppy Mutiara Indah,"Keren
Viewnya bagus
Lautnya biruu
Ketjeeeeh",5
unknown location,Angga Erlina Fattah,"Laut dan ombaknya luar biasa, sayang di bibir pantai banyak potongan kayu ukuran kecil, sedang sampai yg sebesar drum, kebayang kalau bawa anak main air harus tambah hati hati nya",2
unknown location,rifaldi andrian,Pantainya bersih,5
unknown location,Eka wr,"Pasir nya Putih banget,deburan ombak menyegarkan lumayan jauh tempat nya",5
unknown location,Dwi Rino,Pantai paling terkenal d Krui,5
unknown location,Supri_Aconk,"Menurut saya t4 ini cocok banget kalo buat refresing ..pantai & ombaknya bagus..
Yg kurang saya sukai banyak sampah di sekitar pantai inii.. …",3
unknown location,Mini Devi,"Tempat yang asik untuk liburan keluarga dan teman .
Rekomendasi banget",5
unknown location,Fenta Vestiti Liyya,tempat favorite. bermain pasir atau menunggu sunset di senja hari yang begitu indah.love🌊🌊 …,4
unknown location,Frenki Suwandi,"Masih alami, kotornya hanya kotor daun bukan sampah plastik",5
unknown location,ELZHIVAGO TABAQJAYA,Berbenah menjadi destinasi wisatawan mancanegara terutama surfer...👌👍 …,5
unknown location,Andre Pierre,sayang banyak sampah.. starting point to Pulau Pisang,5
unknown location,zudha ari,"Pantai bersih, sayangnya kurang mushola dan tempat bilas,",4
unknown location,Pipin Oktariani,"ombak ny besar sekali, dermaga ny sdh mulai jelek, butuh perbaikan",5
unknown location,Isma Ifeh,"Pantai nya bagus, indah..pemandangannya oke..",5
unknown location,Reksiana Septiningrum,"Balik berkunjung lagi setelah beberapa belas tahun. Labuhan Jukung jauh lebih rapi, lebih ramai dan cantik. Semoga selalu terjaga kebersihannya walaupun pengunjungnya semakin banyak, pedagangnya semakin banyak.",5
unknown location,Iyos Rahman,"Panorama pantai yg indsh,ombaknya cocok utk yg hobi berselancar",5
unknown location,rayen josa nugraha,Labuhan jukung krui.adalah pusat pariwisata pesisir barat krui,5
unknown location,Deni Irawan,"Pengalaman pertama kesini, dengan keluarga, cukup keren tempatnya, suasana pandemi jadi sedikit sepi, suasana pantai dengan suara deburan ombak yang riuh...angin kenceng... Mungkin kalau sedikit ditata wahana nya akan jadi lebih baik lagi",4
unknown location,Tata Martha,Tempat tongkrongan anak muda. Biaya masuk gratis,5
unknown location,FikriFauzan18,Baguss pantai nya,5
unknown location,Medy Ardianto,"Tempat wisata yg indah dan bagus di lampung
Bali nya lampung",5
unknown location,rissanti “Eka” Saputri,"Lautnya indah, ombaknya ok bgt buat surfing, pantainya bersih.. 👍 …",5
unknown location,Soerya Tjandra,"Tempat nyaman untuk bersantai bersama keluarga, tidak ada biaya masuk hanya biaya parkir kendaraan saja. air laut yang jernih dan dasar pantai ny di tumbuhi rumput laut menambah sejuk pemandangan mata, semoga dapat terjaga selalu kondisi pantai nya, agar bisa selalu dinikmati hingga anak cucu kita nanti.",5
unknown location,Sunarto Sunarto,"Pantai dengan pasir putih, sayang kotor dan kurang terawat",3
unknown location,Anugrah Yuyut Lesmana,"Labuhan Jukung Krui, Pesisir Barat, Lampung. tempat bagus, perlu dukungan penuh dari pemerintah daerah setempat",4
unknown location,Ephan Yulisandi,"Rame bingits sayang lagi di tutup karena pandemi
meski di tutup yang dateng rame",5
unknown location,lingga rahma,sangat indah pantai nya 😁 …,5
unknown location,Ahmad Fauzi,Tempat santai sambil menunggu sunset.,5
unknown location,Budi Hartono,Ya bagus sih melapaskan penat dipikiran,5
unknown location,Agus Widodo (GROSIR kasur busa inoac),Cocok untuk Anda yang ingin refreshing dan surfing,5
unknown location,Alfis Syahril,"Jauh sudah pasti pekara jarak tpi,tpi rindu seseoranng tdak mengenal jauh atau jarak",5
unknown location,Bambang Supriyatno,"Feb sampai Agustus setiap tahun, pasti banyak Turis Asing Berkunjung,, Coz Ombak nya di bln tersebut sedang bagus dan menantang
Masuk Urutan 3Dunia Ombak nya …",5
unknown location,Tegar Adiwijaya,Perlu lebih dirapikan dan dibersihkan,4
unknown location,Retno Setiarini,"Perjalanan yang keren, masuk gratis pantainya pun indah bersih",5
unknown location,Afanijar Ilmawati,"Untuk jd tempat wisata yg nyaman, kedepannya harus dibersihkan sampah2 yg berada disekitar pantai, dbuat tpt sampah khusus tempat duduk istirahat juga dbuat senyaman mungkin disediakan jg pilihan makan dan minum. Semoga klo ke labuhan jukung krui lagi sdh ada perubahan yg lebih baik.",3
unknown location,Patih Aprizal,"Pelabuhan Jukung secara geografis satu lokasi dengan pantai Jukung.
Pesona pantai yang indah namun tidak  diperkenankan untuk berenang, sebab pantai ini terhubung langsung dengam Samudera Hindia/Indonesia. …",5
unknown location,Muhamad Mardiansyah,"Bintang lima untuk seputar krui y jng d bandingkan dg daerah yg lain.
Kalo main ke krui terus nyari pantai buat foto mainlah ke pantai ini krn ad beberapa spot foto. …",5
unknown location,Ronzie Fe (Ronzie),"Petunjuk parkir kurang jelas, jadi membingungkan, bus besar tidak bisa masuk, jadi tamu harua jalan kaki kira2 200meter menuju naik kapal untuk ke pulau pisang.",4
unknown location,Asep Saputra,Salah satu destinasi wisata pantai yang wajib dikunjungi di krui,5
unknown location,Abdul Azis,"Pantai nya bersih,cuma di parkiran masih banyak yg ga peduli kebersihan.sangat disayangkan
Semoga pengembang nya bisa memperbaiki juga menambah fasilitas lain seperti kebersihan, hiburan,lahan parkir sama pos keamanan nya",5
unknown location,Haliza Nur Fadhila,"Pantainya Indah, sejuk.
ombaknya ga ngegulung kita.jadi bisa main Agak ke tengah. beda Jauh sama parangtritis,kalo parangtritis ombaknya besar besar Dan nge gulung kita Dari tengah Di seret jauh ke pinggir pantai terus diseret lagi ke tengah lautan .",5
unknown location,Ta Ry,Bagusssss...tapi kurang terawat terlalu banyak sampah di labuhan jukung ...tapi cocok untuk menanti sunset...tentuuu... Sangat tenang...diharapkan kedepannya lebih bisa dijaga kebersihannya...,4
unknown location,Padlon Hidayat,Cukup menarik utk liburan akhir thn,5
unknown location,Info Delta Muster Tour & Travel,Pantai dengan ombak yang lumayan buat yang hobi selancar,4
unknown location,Risdianto Parahat,Perlu kesadaran pengunjung untuk menjaga kebersihan pantai,5
unknown location,Fah Rina,"Pantai di pesisir barat sumatera. Banyak yg surfing krn ombaknya emang bagus. Akses kesana sdh lumayan, dkt dr jalan lintas Sumatera. Tp sayang fasilitas kurang dirawat. Tulisan labuhan jukung dah gak lengkap hurufnya",4
unknown location,Dika Apriyanto,"Pantainnya sangatlah indah nyaman dan bersih, pantainya sangatlah cocok untuk berselancar karena ombaknya besar dan berhadapan langsung dengan lautan lepas, banyak touris lokal maupun mancan negara yang berkunjung di sini cocok bagi anda do jadikan destinasi wisata yang hobi selancar",5
unknown location,YATI ADVAN,"Pantai ny luar biasa kereeen.deru ombak end kejernihan air ny,membuat terumbu karang jd terlihat jelas dr permukaan laut.",5
unknown location,dian Taufikul Khofid,Tempat yg bagus dan 1 lagi gratis,5
unknown location,Kezia Julia,"Airnya kotor, banyak sampah di pinggir pantai, prosedur perahu buat nyebrang belum disediakan pelampung dan fasilitas pengelolaan pantai minim dari pemerintah",1
unknown location,Adun Kwece,Buat yang suka pantai tempat ini cocok.  Buat surfing bisa sih.  Ombaknya lumayan gede. Buat masuknya gratis.  Fasiltas umumnya juga lumayan kok.  WC mushola ada.,4
unknown location,BN Rudie,"Tempatnya bagus, Pokoknya Rekomendet banget dah, buat liburan keluarga, saudara atau pasangan. Tempatnya bedara di seputaran perkotaan dan pusat perbelanjaan,Warga sekitar juga ramah tamah, Dan yang pasti GRATIS biaya masuk KECUALI Kang Parkit.",5
unknown location,Anggun Aji Saputra,"Tempat wisata favorit nih, kalau sore rame terus, apalagi hati besar. Susnset jelas banget, ombak mantap, pantai bersih dan banyak tempat dudukan yg teduh pepohonan",4
unknown location,gentong 006 official,"Tak mengira ternyata lampung punya destinasi wisata yang oke.....paairnta putih lembut,airnya jernih,pantainya bersih tak heran banyak turis asing bersurfing disini....layak jadi Bali nya Sumatra",5
unknown location,simple adia,"Pantai terkenal di pesisir barat selain pantai tanjung setia. Ada tulisan labuhan jukung krui di pinggir pantainya. Hanya saja pengunjung kurang kesadaran akan sampah, sehingga lumayan ada sampah berserakan di pinggir pantai.  Termasuk tempat rekomendasi untuk surfing juga.",5
unknown location,Roli Yanto,Rileks,5
unknown location,agus widagdo,Bagus tapi kebersihannya kurang,4
unknown location,yossi desember,ombaknya gede banget .bagus buat rekreasi .liburan bareng keluarga .dari kotabumi ke sini sekitar 5 jam lewat liwa.jalanan bagus .banyak kelokan tajam .mesti ekstra hati2 .banyak jurang solnya,5
unknown location,DadsBoss Africos,Plabuhan yg bagus sayang di rusak sama orang yg otaknya rusak,5
unknown location,AUTO suspension,"Tempat nya bersih,,parkir dan tiket masuh murah ,harga makanan ,jajanan setandart murah terjangkau ,orangnya ramah ramah ,,cuma rute jalanya lumayan seruu 👌👌 …",5
unknown location,Kasyoto,"Pantai yang sangat indah rasa tidak ingin pulang kalo udah kesini, tapi sangat di sayangkan pantainya mulai kotor, pasilitas juga sudah muali rusak dan tidak ada perbaikan dari dinas yang berkaitan.",5
unknown location,Taruna Dharma,"Pantainya bagus, tapi dirusak oleh Pondasi Plaza.
Mungkin mau dibuat tempat fhoto hanya pembuatannya yg lakukan pemborosan dana dan hasilnya tak bermanfaat, bahkan sebaliknya merusak keindahan Pantai",3
unknown location,Andang Prihatin,Pemandangan pantai dan laut nya ibdah seperti di Bali,4
unknown location,novian smkn2,Pantai yang indah dan deburan ombak yang besar,5
unknown location,Martianminbooy,Bagus pantainya tapi banyak sampah,3
unknown location,Nat Nat,"Saya hanya ingin menyampaikan opini saja, saat ini pantai kalo masuk bayar, walaupun bayar tidak seberapa tapi jika tempat makanan seperti itu ya sepi pelnggan, sebaiknya d buatlah pujasera yg benar2 bagus modern ala cafe biar menarik …",1
unknown location,Bang Jealik,"Ini adalah tempat wisata,di sini pantai nya menakjubkan sekali,di pantai ini kita bisa menyaksikan pemandangan alam yg menakjubkan pantainya indah di kelilingi gunung bukit bukitan yg exotis,di pantai ini juga kita bisa menyaksikan surfing baik tourist manca negara dan para peselancar lokal ""Amazing"" 🇮🇩 Ija mit krui***** …",5
unknown location,강혜기,"Tempatnya bagus, tapi ada banyak sampah-sampah kayu jadi agak khawatir waktu jalan di pasir tanpa alas kaki.
Ombaknya besar, airnya alhamdulillah masih jernih. 👍👍👍 …",4
unknown location,Aisyah Aura Putri Ramadhani,Pantai Labuha jukung sangat bagus untuk bersantai dan menikmati sunsett yg sangat bagus serta bsa bermain pantai dengan ombak yg sangat baguss,5
unknown location,Komang Bonatama,Pasir nya halus dan bersih,5
unknown location,sigit wibowo,Pantainya bersih dan gratis brooooooo,4
unknown location,putera saburai,"Perlu pembenahan, karena bangunan yg ada sdh bnyk yg rusak, pantai jg kotor, perlu campur tangan Pemda setempat, untuk view cukup indah",3
unknown location,War Dance,Pantai labuhan jukung krui merupakan salah satu pantai yang berada di pkrui pesisir barat. Letaknya tidak jauh dari pusat pemerintahan daerah pesisir barat. Ombaknya yang bagus dapat digunakan untuk berselancar menjadikan tempat favorit para turis yang berkunjung ke pesisir barat,4
unknown location,Andini Tunnisa,"Good view, tempatnya mudah di jangkau, lumayan bersih, pasirnya masih putih, pantainya tidak begitu ramai. Hope someday I'll come back again.",5
unknown location,Irawan Krui,Disinilah tempat liburan yang sangat pas,5
unknown location,nurjannah atman,Pantainya asyikk buat liburan dg keluarga,5
unknown location,Harlika,"memiliki pantai yang bersih dan sering di kunjungi oleh wisatawan domestik dan internasional, menjadi pusat berkumpu warga dalam menghabisakan waktu di petang hari dan sangat cocok untuk bersantai",5
unknown location,aris hadiansyah,Pantai yang indah. Kalau cuaca bagus bakal menemukan indahnya air laut. Buat peselancar ini memang tepat. Jangan berenang di area tanda bahaya,5
unknown location,SadX Student,harga tiket di karcis 3ribu di tariknya 10ribu,3
unknown location,Ajeng Liwa,"Labuhan jukung dengan panorama laut yang tak terbatas keindahannya, membuat hati sekeluarga ingin selalu berkunjung dan bersantai di tepi pantai yg beralaakan pasir yg bersih......",1
unknown location,Azhar Mustofa,Baru pertama kali ke Labuhan Jukung Krui ternyata bagus banget gak beda sama yang ada di media sosial. …,5
unknown location,anna rohanah,Rekreasi paling top di kabupaten pesisir barat jajanan yg murah meriah sore hari lebih ramai pengunjung yg rata2 ingin melihat sunset. Pantainya indaaah,3
unknown location,Satria Novan,Acara Pelepasan Wiyata Bhakti PGRI @GSG Selalaw,5
unknown location,Dang Firman,"tempat yang bagus, namun sayang kini ada bangunan yang menjorok ke tepi laut sehingga memutus garis pantainya, tak seindah dulu, ulah manusia yang tidak memiliki seni dan dibiarkan merusak dengan alasan seni",5
unknown location,RAISHA Putri,Pantai labuhan jukung oke...tempat wisata di KRUI...,5
unknown location,Heri Rz Junior,"Keren, hanya kurang perawatan saja",5
unknown location,Dewi Anggraini,Rekomendasi banget buat yang pengen liburan,5
unknown location,Andrereza Medya,Masya Allah... Indah banget pemandangannya,5
unknown location,Irwan Rusmawan,"Sangat nyaman dengan fasilitas yg cukup bagi para traveler , harga terjangkau
Utk masalah makan terjangkau dan dapat diakses melalui jalan kaki atau motor",5
unknown location,fotonya_ bagus,Tempat enak buat santuy,5
unknown location,Artha Shafira,Tempat nya bagus sesuai dengan yang ada di sosial media dan cocok untuk menikmati sunset. Terlihat cukup ramai pengunjung di sore hari.,5
unknown location,Anton Kurniawan,Labuhan jukung Krui... Asyiknya bawa keluarga tuk liburan....,5
unknown location,Indriyani Lahmi,"Pantai Labuhan Jukung, icon wisata khas kota Krui, Pesisir Barat, Lampung.
Belum ke Krui kalau belum ke labju (Labuhan Jukung).",5
unknown location,Herry Gumay,"Kebijakan bodoh,  yang mengatur mobil tidak boleh masuk ke pinggiran pantai,  sedangkan lokasi nya luas,  mikir nggak kalo orang orang bawa bekal mau makan gimana????",1
unknown location,Agus Susanto,Krui labuhan jukung aman mantap,5
unknown location,Fenny Agustiani,Pantainya masih alami... Lebih baik berkunjung pada saat bukan hari libur... Krn akan lebih berkesan... Pantai serasa milik pribadi..,5
unknown location,DIDOTS OffiCial,Lumayan sih keren,5
unknown location,erson harid,Tempat ini aman dikunjungi sbgai tmpat berwisata dan indah lihat deburan ombaknya. Lebih2 kalau saat2 libur sangat ramai dikunjungi,5
unknown location,Bidadari Syurga chanel,"Tempat wisata murah meriah dg pesona laut yang indah, dan nyaman....  Bs minum es kelapa sambil melihat deburan ombak langsung....",5
unknown location,Ratna Eka Sari,"Ombak nya gede nih, pemandangannya bagus banget, rame yg berkunjung menikmati sunset sembari minum es kelapa muda",5
unknown location,heri santosa,Labuhan jukung ( krui beach ) adalah salah satu tempat rekreasi pantai daerah pesisir barat yang sangat bagus untuk dikunjungi untuk menikmati pesona pantai dan diantara keunggulan yakni cocok bagi perenang dan selancar..,3
unknown location,Ato Reyna,"Pantai bagus, sangat aman tidak banyak pungutan",5
unknown location,Chris Nurseto,"Banyak calonya, pantai kek tempat pembuangan sampah, ini pantai apa pasar wkwkwkwk
Ga rekomwndet lah",1
unknown location,hadi riyanto,"Pantai bersih, ombak bersahabat",5
unknown location,Ricky Pratama SP,"Sunset nya luar biasa indah, pantai nya bersih.. ombak nya bagus.. dan sekitar pantai menyajikan aneka jajanan pasar..",5
unknown location,Elisya Jaya,Tempat yg indah menyaksikan pergantian waktu,5
unknown location,De emperor,"penuh kenangan, penuh cinta dan kasih sayang, bahagia melihatmu bermain ditepian pantai, letih aku menjagamu bermain main, namun hati ini puas karna senyum tawa bahagia mu adalah yg ku harapkan, …",4
unknown location,Owen Alpino,"pantainya bagus sekali, bisa nulis nama pasangaan🌊 …",5
unknown location,Bernhard Sukoco,"Ombaknya bagus, sayang sekali tidak ada fasilitas umum seperti toilet, ada tapi ga bs dipakai...",3
unknown location,Dady Kis,Pernah kesini dengan jarak yg lumayan jauh dari rumah saya dan all hasil tidak mengecewakan sangat bagus,5
unknown location,Undang Yuyun,"Pantainya indah banget pengen ke sini lagi,,,,",5
unknown location,Ian Cavalera,Nyaman dan aman..,5
unknown location,Rahmat Rifa'i,tempat nya enak buat nongkrong dan buat mandi juga rame jajanan tpi dipinggir lautnya lumayan banyak sampah kayu,4
unknown location,Farid Hambali,"Overall the best, dan akses untuk masuk bayarnya murah gak mahal, kakak saya pernah kemari tahun 2015 untuk tanam pohon cemara",5
unknown location,Rika Agustin,"bagus ada pondok2nya , cuma sayang masih ada sampah berserakan d deket tepian, tp ga banyak koq 🥰🥰🥰 …",4
unknown location,Khanza aulia Zhafira,Ga pernah bosan tiap tahun kesini. Klo di kelola dgn baik. Pasti bisa seindah Bali. Krn pantainya ga kalah keren dgn Bali. Cuma fasilitasnya msh minim,5
unknown location,Rony PS,"Salah satu spot terbaik di lampung, sunset",5
unknown location,ahmad zamroni (ZAMRONI),Seru ombak pantainya guuuede,5
unknown location,Mas Ran,"Ok lahbwt anak muda,, dan anak kecil pun seneng ,,, cuman tpt nya agak kotor terutama pingir pantai byk sampah,,,.  🙏🙏🙏 …",4
unknown location,rivalzee,"INDAH LOGISTIK CARGO CABANG KRUI
DARAT - LAUT - UDARA - TRUCKING - CITY COURIER - LOKOMOTIF",5
unknown location,Amelia 2 Guest House,Pantai di krui yang menjadi tempat berselancar,5
unknown location,Komariah,"Pantainya bagusss, pasirnya bersihh, tapi agak berantakan aja bagian atasnya dikittt. Tapi bagus kok, recomended 👌👌👌👌 …",4
unknown location,Angga Ekaputra,Tempat spot sunset keren..,5
unknown location,Cepy Sampurno (C. E. O),Pantai bagus tapi sayang banyak sampah kurangnya perhatian pengelola saat hari2 besar,3
unknown location,jibran kersik,Sebelum nya saya minta maaf . Menurut saya pantai nya bagus tapi masih ada sampah dipinggiran pantai. Trus masuk nya bayar enak kalo bayar fasilitas nya lengkap.,3
unknown location,Siti Nurul Awaliyah,Wisata alam dan sejarah,4
unknown location,titenze tv,Tempat yg nyaman untuk berlibur.. Tapi sayang banyak fasilitas publik yg rusak.. Apalagi kalau malam hari gelap gulita.. Tidak disarankan pergi malam hari... Sangat gelap,5
unknown location,Andreas Sumantri,Pantai dengan view terbaik,5
unknown location,Tandri Mahardika Hendriana,"Pantainya masih asri, sampah jg saya liat tidak ada.
Namun sayang tulisan ""Labuhan Jukung Krui"" nya sudah ada yg hilang beberapa hurufnya",5
unknown location,Fachrezi Alfrian Nugraha,"Keindahan alam yang bagus untuk dinikmati, sampah tidak menumpuk (ada, walaupun sedikit) tetap jaga kebersihan dimanapun kita berada",5
unknown location,Arief,"Pantainya luar biasa indah. Ditambah lagi dengan gugusan pasir putih disepanjang pantai.
Cocok banget buat liburan bareng si dia 🥰 …",5
unknown location,Amalia Erisa28,"Pantai yang bagus cuma kurang perhatian dari pemda stempat,, bnyak pasilitas yang tidak terawat,, dan sampah masih bnyak sepanjang panrai",4
unknown location,Misbah_graphic Design,"Bersih, lebih tertata untuk area pedagang, bisa beli ikan murah kalo nelayan balik cari ikan 😅 …",5
unknown location,Taufiq Hidayat,T4 wisata pantai yg indah..sllu mnyempatkn utk datang bila sedang pulkam..krn jarak yg sangat dekat dr rumah..yg hanya dg brjln kaki,5
unknown location,Kartika Keisya,Jangan ditanya pantai yg satu ini pehh uapikkk tenan ombaknya besar jdi banyak turis yg berselancar disini. Jangan lupa dtng kelabuhan jukung,5
unknown location,Galuh Ayuningtyas,"Great, tapi butuh perawatan yg lebih. Dan untuk para wisatawan, kita saling menjaga kebersihan di setiap lokasi wisata",5
unknown location,Yoan fatih,Sayang sekali lampu lampunya banyak yang mati jadi kesan indah nya pantai pada malam hari hilang,5
unknown location,Agung Mudjie,Bersih dan Menarik,4
unknown location,Reffy Elsa Revanda,Ombaknya mantab buat surfing 👍👍 …,5
unknown location,Eja Official,Pantainya masih alami.. cuma masih harus ada perhatian lagi dari pemkot setempat biar lebih indah di sekitar pantai,5
unknown location,Andika Yudi,"Bagus, masih perlu perawatan. Banyak sampah2 yg kurang enak di pandang.",4
unknown location,Zuki Rama,Lumayan bagus untuk tempat nokrong ataupun tempat istirahat bagi anda yang sedang perjalanan via lintas barat Sumatera.,4
unknown location,Zobi Harika,Selalu gak ketinggalan mudik lanjut kesini,5
unknown location,Atika Situmorang,Krui punya cerita❣️👍🏼😅 …,5
unknown location,Sindy Santika,"Tempat yg sgt tepat untuk berwisata krna pemndangn yg indah dan pantai yg bersih,bhkn cocok untuk parawisatawan untuk yg suka surfing,,",5
unknown location,joel senovgi,Perlu di tata lebih baik lagi dan perlu adanya petugas kebersihan dan jg perlu kesadaran pengunjung dalam menjaga kebersihan t4 ini,4
unknown location,Hamdan Pranata,Dateng sendiri baru tau hasilnya  wkwk,5
unknown location,W S,Lagi berbenah,5
unknown location,Toni Tebo,Suatu kenangan yg sangat indah dan pahit,4
unknown location,wiyono mulyono,"Tempat bersih, nyaman, tempat parkir kendaraan luas. Untuk tempat rekreasi dimasa liburan sangat tepat sekali.",5
unknown location,Hendra Hungkul,"Tempatnya indah didukung oleh Masyarakatnya welcame
Dan dinamis",5
unknown location,M.Saad Ujang,"Buat yg hobby berselancar, disini recomended banget kok, terbukti banyak wisatawan asing yg sedang bermain ria..",4
unknown location,Birgita weni,Tempat bagus tapi sayang kamar mandi nya belum begitu bersih masi kotor dan kadang airnya tidak ada😊 …,4
unknown location,Exo Rehan,Indah tapi kurang terawat,5
unknown location,Ezra,"Suasana ramai, banyak nelayan hilir mudik membawa ikan. Pantainya indah hanya kotor.",5
unknown location,Fairuz Axioma,"Pemerintah kabupaten harusnya lebih merawat lagi tempat ini, pemkab jangan cuna bisa membangun  tanpa merawat, kecewaa",2
unknown location,emi fitriani,Bagus banget,5
unknown location,Nadia Allycia putri,"Pantai nya bersih
Ombak nya Tinggi²
Pokok really the best😊👌
Pengen ke sana lagi deh☺️😼 …",5
unknown location,Lulu'ul Mahmudah,"kurang tertata rapih dan kotor,  banyak berserakan sampah,  perlu perbaikan huruf di tulisan labuhan jukung krui",3
unknown location,Arief Syahrizal,"Rame, pantainya bagus tapi agak kotor, pas buat mandi, taoi hati² banyak anak alay",3
unknown location,Sony Handsome,Pemandangan yg indah dan deburan ombaknya yg besar pokoknya ga nyesel pergi jauh² kekrui,5
unknown location,Achmad Riza Ariesta,"Mantab suasanya asik, masih perlua ada pembenagan instansi terkait, sebab salah satu objek wisata krui",4
unknown location,Jason SE,"Bagus u plesiran pantai, bs main surfing bagi pemula sbb ombak tdk begitu besar",4
unknown location,Ambrosius Brian,Potensi alam bagus sekali pantai dengan pasir putih..harusnya fasilitas ditingkatkan,4
unknown location,Edy Suseno (Boss Eds),Suasana pantai yg indah,4
unknown location,Uni Yeni,"T4 nya sejuk, byk pilihan kuliner",5
unknown location,Muhamad sukron,Pantainya bersih pokonya nyaman bawa anak..so kalian wajib datang kesini,5
unknown location,Ogi Grt,"Seru sekali, pantai alami.",5
unknown location,Yuda Wahyuda,"buat ngadem, minum es dugan.
nunggu sunset",5
unknown location,Kejeduk Tembok,Pantai yang cocok untuk surfing dengan ombak tertinggi pada bulan Juni - Juli. View sunset yang indah..,4
unknown location,budi setiadi,"Abandon Beach....kotor n gak terawat, banyak fasilitas yang rusak......sayang sekali.....sebuah tempat yang cantik tapi tak terawat.....",1
unknown location,Alex Saputra,"Tempat wisata rekreasi yang sangat cocok untuk kluarga, anak anak dan remaja. bisa menyaksikan sun rise yang indah",5
unknown location,Jasad Renik,bagus baget dan sangat langka. setiap ada ombak yang cukup besar akan menyala warna biru.,5
unknown location,Nur Mey Hidayah,Pantai yg bagus dan indah,5
unknown location,Ajoya Kahaluan,Di sini adalah tempat ku tinggal dan bermain,5
unknown location,sudarmono semoro,Bagus tempat wisata,5
unknown location,Bella Agustina,"Sangat indah.
Tidak usah jauh2  k bali..k lampuung aja udh seperti  bali..bangus sekali",5
unknown location,meryossa,"Pantai nya bagus dan cantik bangett, kulinernya nya banyak dan harga2 nya terjangkau 👍 …",5
unknown location,Pandar Lisman,"Labju, begitu anak muda sekarang menyebutnya.",5
unknown location,ahmad sofani,keren apalagi pas sunset,5
unknown location,Wahid Nur Cahyanto,Pantai yang selalu dinantikan kapan pun,5
unknown location,Gheza trinadiya,Bagus buat nenangin diri,5
unknown location,Yunita Hatim,"Pantai labuhan jukung bagus banget, banyak bulek nya, klo mau surfing pas bngt",5
unknown location,Arif Rahman,"Karan mempunyai tempat yg indah dan banyak pemandangan,
Dan bnyak di kunjungi oleh orang2. Mau oun itu di luar negrui",4
unknown location,Isman Priatna,Pantai dgn pasir putih yg sangat indah.  Dan cocok bagi peselancar karna ombak yg cukup besar,5
unknown location,Muhammad abil Fidahasani,"Pantai labuhan jukung distinasi wisata ungulan kab pesisir barat, ada kotek losmen, turis center, sekolah, repayer papan surfing dll",3
unknown location,Bengkulu Kito,Kampung bule ada disini,5
unknown location,Uwanono channel,"Sangat indah, dgn suasana yg masih sangat alami. Kelapa muda dgn rasa yg sangat manis dan kopi yg amat mantap...",5
unknown location,Surya Alam,Pantai nya lumayan bersih perlu pengelolaan yg lebih baik,5
unknown location,Halim Wimardi,Pemandanganya sangat alami...,5
unknown location,Denny Wawai,Bersih . Sedikit sampah. Wisata murah,5
unknown location,Lekat Tambat,Pantai dan ombak yang indah,5
unknown location,Pulampas 89,pantai yg cukup bagus di salah satu lokasi wisata lampung barat,5
unknown location,Tarmizi Muhammad,"Waktu yang memisahkan,sampai jumpa lagi",5
unknown location,Andi Sunang,Tempat ny bagus .,4
unknown location,Mahfuzh Ghazi,"subhanalloh, Kenikmatan mana saja yang kau dustakan",5
unknown location,Kang Jhooe,Pantainya lumayan.. cuma masih banyak yang perlu ditingkatkan.. insfrastrukturnya lah,4
unknown location,Aray Rocket,"Pantainya amat indah, menawan, mempesona, bikin pengen kesitu lagi ❤❤👍👍 …",5
unknown location,Putra Lpg,"Tempat wisata nya menarik, pasilitas cukup bagus",4
unknown location,Robi MarisaPutra,Pantai nya bagus,5
unknown location,si yuyun,"Icon pantai dikrui...
Klo ke pantai gx mampir...ke labuhan jukung gak lengkap rasanya ...",5
unknown location,Mhd Ikhwan,Pantai yang bagus,5
unknown location,Robby Riani,bisa lihat sunset yang cakep banget,4
unknown location,Bagas Primawan,Ombak besar menerpa pantai,5
unknown location,Magnalita pane,Tempat indah Dan banyak turis,4
unknown location,Aisya Anindita,Lumayan..tempat santai sambil menikmati kelapa muda di pinggir pantai..nikmat..,5
unknown location,ARIE AWE,"Wisata pantai begitu indah di pagi dan sore hari, bisa main bola...",4
unknown location,Ikhin nugraha,"Salah satu pantai yang paling indah di Indonesia, jangan ngaku travellerr kalau belum berpetualang di pantai yg ada di krui.",5
unknown location,Reto Srisaptono,"Cukup komersil,  sdh ada tiket masuk, kurang humanis",3
unknown location,Ariansyah,Ini merupakan bali nya pulau sumatra..dimana turis atau warga asing berselancar.apalagi pulau pisang nya yang sangat menabjukkan,5
unknown location,Arif Budiman,"Pantai tidak sebersih dulu, fasilitas yg ada juga sudah rusak semua karna tidak diurus.",2
unknown location,M Lia,Ombak sedang tinggi. Sayangnya tulisan Labuhan Jukung sudah rusak. Lingkungan kurang terawat,4
unknown location,Ema Lusida,Pantai yg indah dan bersih,5
unknown location,Meri Mustika,Sangat nyaman dan pemandangan pantai yg sang luar biasa😉 …,5
unknown location,lia safitri,Mantab..  Pantai di pesisir barat pantainya masih alami dan gratis..  😊 kenangan indah …,5
unknown location,Octhasevtiana Octha,"Krui adalah tempat kelahiran saya,pastinya saya suka banget wisata pantai labuhan jukung pantai ny indah dan adem banget.",5
unknown location,Nanang Ardiansyah (Nanang ar),Lokasinya menghadap laut lepas,5
unknown location,bayu andriansyah,Tempat bagus namun butuh perawatan berkala. Papan nama tempat ini sudah sangat butuh perbaikan,4
unknown location,Febrina Emilda,Bagus buat wisatawan n tempatnya sangat sangat keren mantulll,5
unknown location,HM. P4154L,"Lumayan, perlu penataan parkir dan tempat kulinernya",3
unknown location,Onal Cute,"Destinasi wisata favorit di Pesisir Barat, ayo jaga kelestariannya, jaga ramah tamahnya, dan jaga budaya asli Krui-nya",5
unknown location,asep azza,Berlibur sejenak,4
unknown location,Adam Hazhari,"Cocok untuk bersantai,berenang bagi yg bisa renang,yg ga bisa jgn renang ntar anyuut",5
unknown location,Wilda Putri Selvia,"Pantainya dan sunsetnya bagus cuma agak sedikit kotor,  ombaknya bagus untuk surfing.",3
unknown location,Novi Yanti,Sudah agak rapi dr sebelumnya,1
unknown location,Bay Duwi (Kineng),"Bagus, nyaman, aman untuk bermain air,ombak, tmpatnya bersih, enak untuk bersantai.",4
unknown location,Ida Metro,Bagus...hanya lagi² sampah yang berserakan itu yg merusak mata.....,4
unknown location,Rahmad Quanta,"Emang ga salah pilih liburan ke krui, kebayar dah capeknya perjalanan",5
unknown location,Alung Susanti,"awalnya pantaunya bagus ,tapi sekarang macam tak di urus , sayang sekali padahal pantai bagus",3
unknown location,Dony Kusuma Wardhana,pantainya bagus bangeet,5
unknown location,Siswo Nugraha,"Tempatnya keren, bersih masyarakatnya pun ramah. Jadi kangen pengen kesana lagi",5
unknown location,Imam Supriadi,"Tempat ini belum tertata dengan baik. Masuk gratis, parkir gratis. Ombak cukup besar.",3
unknown location,Andre Prihardi,"pantai yang baik untuk kegiatan bahari, terutama surfing. jika berenang sebaiknya berhati-hati",3
unknown location,To Le,Pantainya bersih,3
unknown location,Ahmad Aditama,Ombak nya besar..,5
unknown location,Rivan Gilang Ramdhan,Perjalanan ku di krui Lampung,5
unknown location,Rabeck Tirangkak Journey,Lebih bagus sebelum ada bangunan beton di pantai nya,1
unknown location,Riko nprynt,Wisata nya menakjubkan,5
unknown location,Nadiia Miranty,Wisata nya sangat bagus dan indah aku suka tempat ini,4
unknown location,Mwhyu 123,"Bersih, ombang bagus untuk bermain seluncur dsna",5
unknown location,Dendi Iskandar,"Destinasi wisata unggulan kabupaten Pesisir Barat, wisata pantai dan kuliner, nyaman untuk segala usia",5
unknown location,Anang Badru,Kerui adalah salah satu kabupaten pariwisata di provinsi Lampung barat yg cukup menarik untuk di kunjungu,5
unknown location,cahya budi,View bagus.tapi kebersihan tidak terjaga.cukup sekali saja sepertinya,3
unknown location,Jayanto Ajj,Tempatnya sangat istimewa dan sangat asri nyaman cocok untuk mnghilangkan galau. Dan mehilangkan stres.,5
unknown location,Pinarax Kios,"Tempat yg indah selain bali,ombak yg indah dan banyak pemandangan bagus disini",5
unknown location,Mohammad Salah,Bagus pantainya cocok buat anak muda yang suka selfi,3
unknown location,Adneil's Project,"Saat sore hari...
Cocok buat ngabisin waktu sambil nunggu sunset..",5
unknown location,Luthfi ayu Amirah,tempat nya bagus abis tu kalo mau belajar selancaran cocok,5
unknown location,Putra PNH,Pantai yang indah,5
unknown location,Sudar Yono,Kalau sekalian ingin nyoba mantapnya ikan bakar blue marlin segar disini tempatnya,5
unknown location,Sugeng Rahman,Pantai yang indah.,5
unknown location,W A Setiawan,"Pantai ini masih alami, mari jaga sebagai warisan untuk anak cucu kita.",5
unknown location,Alvaro Kenzie,Pantai Berpasir dan ombak yg Bagus,4
unknown location,Benni Septian Wijaya,"Tempat nya keren, sngat ramai di hari lbur brada di krui pesisir barat lampung",5
unknown location,Raw Video Viral,Bagus.... sayang belum ada beach guardnya,3
unknown location,Aldion Sugeng Mulia,Luar biasa menakjubkan ..,4
unknown location,Rizal Ardiansyah,"Mari luangkan waktu, sisipkan uang, Bersama keluarga berkunjung ke pantai yang asri ini..",5
unknown location,Warung Valen,Lokasi strategis tapi tolong kebersihan nya lebih di tingkat kan lagi,5
unknown location,ujang sanip,"Butuh perhatian dari semua pihak, supaya lebih menarik minat wisatawan",3
unknown location,Leo Chandra,"Ombak, pasir, sunset, angin pantai 👍👍 …",5
unknown location,CEPOT gaming,Tempat paling sering buat nyore liat sunset + Minum es dugan,5
unknown location,Efendi,"Salah satu objek wisata di kabupaten pesisir tengah, lampung.
Tepatnya terletak di kota krui desa  kempung jawa",5
unknown location,Aris Baturaja4,Cukup bagus untuk dikunjungi,1
unknown location,Ferdinal Eduardo,Perlahan mulai mambaik.. Pantainya yg sudah lumayan bersih,4
unknown location,Elly Suryani,Pantai yang ombaknya tinggi di pesisisr barat lampung. Cocok.bagi penyuka surfing,3
unknown location,Baharudin Burdani,"oke, Krui.",5
unknown location,Elya _makeupbdl,Dsni adalah tujuan utama wisata yg sllu dikunjungi olh para pencnta lautan,5
unknown location,Kara,Bagus bgt,5
unknown location,Ahmad Habib,"Sayang kurang terawat,.. Tidak ada jajanan di malam hari..",2
unknown location,andahni rani,Pantai pesona wisata Indonesia,5
unknown location,Teuku Fahmi,Suasana pantai yang mantai banget 😎🤩 …,5
unknown location,Muhammad wahyu saputra,Perjalanan touring dari Jakarta ke pantai Krui sangat menyenangkan ..... Tak kan pernah kami lupakan,5
unknown location,Rizki Agung Permana,"Sore rame, bisa hangout bareng keluarga, banyak jual makanan",5
unknown location,Syuratman Syuratman,Tempat keren,5
unknown location,Pinhas Maryudi,Tempat yang nyaman buat melepas lelah dan saat berlibur,4
unknown location,Bambang Iswanto,pantai yg yg mantap dengan ombak besar dan bisa menyaksikan sunsert,4
unknown location,Dian Tri Saputra,"Mantap.. Pupuk nya bg..
Rekomendasi buat Petani di krui, Pesisir Barat",5
unknown location,Wendy Mahardika,Tempatnya ok utk bermain di pantai krui...,3
unknown location,Fauzan Junizar,"Pantai yg sangat indah, dan cocok sekali untuk mereka yang hobi surfing",5
unknown location,Ledo Putra,"Pantai yg alami,  pemandangan pantai yg menawan.  Syurga untuk pecinta surfing.",3
unknown location,Agil Jumarianto,Pemandangan indah laut lepas.. Nyaman dan damai,5
unknown location,Ashika Dipta,"Bagus,msih alami...",5
unknown location,Ariyen Asdi Topan,"Kebersihan pantai yang kurang, jalan gerbang masuk dan keluar tidak mulus.",2
unknown location,Home Brewer,Pasir putih bersih.. Sentra kuliner pesisir barat juga terdapat disini,5
unknown location,Antonia Dyah Ayu Ciptaningrum,Pemandangan indah saat senja😍 …,5
unknown location,Sastro Jendro,Pantai Pasir Putih nan Indah. Sayangnya Infra Struktur Kurang Memadai..,5
unknown location,Ar git,"Pemandangan yang cantik, sayangnya cukup banyak sampah",4
unknown location,Michael Mardhi,Pantai yg asyik sng ombak yg besar cocok untuk surfing,5
unknown location,Wahyu Triyono,Mantap lah tempat ny,5
unknown location,Enda Yani,Pantai indah seperti di pulau dewata,5
unknown location,Giofanny Tan,pantai yang sangat cantik dan cocok untuk dikunjungi. surga yang tersembunyi,5
unknown location,marijan 123,Masyarakat krui ramah.....itu tanda wisatawan akan betah dan sering berkunjung ke krui...,3
unknown location,Aulia Rahmat,Tempat wisata terbaik dan terfavorit di daerah krui pesisir barat,5
unknown location,Walliyuddin Ahmad,Jauh...,5
unknown location,Masdin Udin,Klo ada rejeki saya mau kesana mintak doa nya bos ku,5
unknown location,Yulia Safitri yani,"Keren, indah, luar biasa, tapi banyak yg harus lebih di rawat lagi icon"" nya... terimakasih...",5
unknown location,Julianda Fivironica,"Ini lah kampung halamanku.. pantainya indah, lautan na biru bersih.😙 …",5
unknown location,Muhammad Basith Halim,Nama Labuhan Jukung Krui nya butuh perbaikin,4
unknown location,Triwidi Hartono,"Menyenangkan tamasya ke labuhan jukung Krui, faktor utama adalah keamanan yg sangat mengesankan",5
unknown location,Malhen Bae,"Tempat parkir luas, harga harga terjangkau.. cocok untuk keluarga",5
unknown location,Maghfira Dayang Fadhila,"Tolong dong jangan buang sampah sembarangan :""( terus fasilitasnya dijaga ya :""(",5
unknown location,sri hidayati,Sangat indah tapi fasilitas kurang terawat baik dan sampah,4
unknown location,irvan sayuti,Sampahnya belum terkelola dg baik,4
unknown location,Baroh Man,Pantai Labuhan Jukung Krui tidak dikenakan biaya retribusi alias GRATIS tis tis.....,5
unknown location,Yurnanto HK Hattami,"Pemandangan yang indah dan luar biasa, pantai dengan laut yang biru menenangkan",5
unknown location,Adjie Arif,"Keren sih, sunsetnya dapet banget kalo nggak mendung",5
unknown location,Muhamad Abdulloh,Mantap pokoknya kami puas berkunjung dipantai ini,5
unknown location,VYA.O Acer,Tmpt yg sngat indh dan menarik dan cocok buat surfing,5
unknown location,Erwin Octavianto,Indah oasir alus ombak besar tapi aman utk berenang,5
unknown location,Mifta habib Maulana,Pantainya sangat bagus bersih dan indah,4
unknown location,Tortor 168,Cocok buat liat pemandangan yg bagus...,5
unknown location,Uncu Luvers,"Pemandangan pntai yg indah, nyaman n suasana sejuk",5
unknown location,jayus man,Tempat santay yg mantap,5
unknown location,arlin roy namos,Tempa wisata ternindah di kampung halaman ku,5
unknown location,Bangkok Kuswandi,Pasir nya bagua banget disini,5
unknown location,Alan Pramana,"Pantainya bersih, free masuk, dan tentunya viewnya bagus.",5
unknown location,Reza Maha,The Main Beach of Krui City,5
unknown location,napoleon leopard,Pantainya bersih warganya ramah bali ke 2 di indonesia..,5
unknown location,ketut adhi,"Viewnya bagus, cm kebersihannya perlu ditingkatkan lagi",4
unknown location,alleOgoran,Kereen baguss indah tp sayang sampah nya banyak,5
unknown location,Sadam “Sadam Gaplek” Permana,Luar biasa perjalanan yang diwarnai tikungan tajam dan bukit membentang,4
unknown location,Dewi Prastiana,"Awalnya sih cuma mau jalan2 doang, eh malah ketemu jodoh.  Wkwkwk",4
unknown location,Onoyus Ireh,Tempat yang indah untuk menikmati indahnya matahari tenggelam,5
unknown location,Alfaridev zh,Keren👍🏖😍 …,5
unknown location,Anggi irawan,"Pemandangan nya bagus, pas untuk yg suka wisata.",5
unknown location,mohferry anderil,pantai yg cantik...,3
unknown location,Ahmad Ridwan,Pesona keindahan alam dengan Pantai dan Gelombang laut yang cocok untuk surfing,5
unknown location,Elzhivago Tabaqjaya,Destinasi wisata kini dan masa depan terutama penggemar surfing,5
unknown location,Roby Pajrin,Krui ku tercinta,5
unknown location,fathur istiqlal,Pemandangan sunset yg mantep,5
unknown location,Rulyawan Ediwasito,Sepi dan cukup bersih,3
unknown location,Sultan Muhamad Syarifudin,Pantai yg indah,5
unknown location,Sabar Riyadi,Salah satu tempat terbaik melihat laut lepas di pesisir barat,5
unknown location,Eko Pratama,"Pantai nya bagus dan laut nya bersih,, mantap pokok nya",5
unknown location,Teman Bonsai Lampung,"Lokasi yang keren
Banyak tempat angkringan untuk makan dan minum",5
unknown location,Muhammad Yunus,"Pantainya cantik, tapi daratannya kurang menarik, banyak sampahnya",5
unknown location,Yoga Putra,Sangat seruu,5
unknown location,Fahmi Memet Urdexs Trans,"Semoga bisa mampir, karena mau ngebesan ke lintik",5
unknown location,RAFSANJANI TV (Reza Rafsanjani),Lokasi wisata daerah di lampung barat yang adem banyak ombak banyak bule....,4
unknown location,Agus Priyanto (IYAN),Tempat liburan yg pas untuk kalian² semua.,5
unknown location,Ridwan Ridwan,"Rapi dan lumayan bersih, bagus utk foto foto",5
unknown location,Laila Fadlia,"Mudah dicapai, gratis, perbanyak wahana permainan",5
unknown location,Ali Yurja,Sangat mempesona,4
