reviewId,userName,userImage,content,score,thumbsUpCount,reviewCreatedVersion,at,replyContent,repliedAt,appVersion
937b3e53-cab9-43a5-965a-a70dda63cc7a,Yuli Ana,https://play-lh.googleusercontent.com/a/ACg8ocJkRCEDZ7-SKfKmkT80RghN_d7CXjblGn6y7W_MkxseAgXKRg=mo,"Ini Livin lagi kenapa?? Di hp 1 saya, Livin nya keluar"" Mulu, bukan masala di hp saya, karena saya dah coba uninstall baru download lagi, bisa pas login, cuma pas berhasil masuk kembali ke akun saya, masih sama aja, keluar terus. Saya coba di hp lain, pas bagian OTP malah katanya ada masalah, dari kemarin loh ada masalah terus, Ini gw lagi butuh saldonya secepatnya, Lama"" mending ganti dah kalau gini mulu",1,64,3.2.0,2026-02-22 09:44:27,"Halo Sahabat @Yuli Ana, mohon maaf atas ketidaknyamanannya. Agar dpt menerima SMS verifikasi OTP, pastikan jaringan internet stabil, nomor handphone benar, pengaturan SMS premium aktif, pulsa tersedia yaitu minimal Rp2.000,-. Tks~Rere",2026-02-22 09:52:19,3.2.0
869deea8-7ac8-4031-96b2-b809cef54029,TuahKurnia,https://play-lh.googleusercontent.com/a-/ALV-UjXvLYBu3u7h5B9Z4y2_tykSVsfPWXbayKrp1QVPOD2Mer1YC0UA,"programmernya yang buat aplikasi minm literasi, masa bikin aplikasi ga bisa baca waktu otomatis, malah spam pop up atur waktu otomatis. waktu udah otomatis kok pas tersambung jaringan. perbanyak lagi literasi memprogram kalo masalah bug gini terlewat. kerjanya update ui aja bukan cari bug dan bilah komen bintang 1. soalnya yang bintang 1 lebih kasi saran yang baik, buat aplikasi kedepannya. ni make livin bisa tfnya pas dah pergatian jam. lebih tegas lagilah sama programmernya!!!!!!!",1,96,3.2.0,2026-01-30 13:46:42,"Halo Sahabat @TuahKurnia, mohon maaf atas ketidaknyamanannya. Perihal tsb akan menjadi masukan bagi kami untuk pengembangan aplikasi kedepannya dan meningkatkan kualitas layanan Bank Mandiri demi kenyamanan nasabah ya. Tks~Vika",2026-01-30 13:50:15,3.2.0
13804282-f07e-4f0e-ab06-5a57a6a2abe2,Azam Zam,https://play-lh.googleusercontent.com/a-/ALV-UjX0MT6axc_xhUvTI_FRvWS_5fJmZRUUy7SGNKkDtmczg3U9944,"Gabisa login sudah beberapa kali coba sampe beberapa hari..data sudah benar saya masukan tapi apa hasilnya, yap nihil data tidak sesuai mulu atau proses belum dapat di lanjutkan. Tolong ini gimana saldo saya sudah berkurang di kartu debit pas penarikan di mitra atm tapi uang tidak keluar atau uang ga sampe di saya sepeserpun..mini atm nya ada di Majalengka depan PT SHOETOWN Bagung,Ligung lor,Kab Majalengka.",1,214,3.2.0,2026-01-14 20:31:41,"Halo Sahabat @ZAMZAM N, mohon maaf atas ketidaknyamanannya. Perihal kendala pada layanan Livin' by Mandiri Sahabat dapat mengirimkan email ke mandiricare@bankmandiri.co.id atau dapat menghubungi layanan mandiri call 14000 agar dapat dilakukan pengecekan. Tks ~ Said",2026-01-14 20:34:57,3.2.0
d5588b56-8872-4603-9d47-9790e1ed57b5,yaomi inaya,https://play-lh.googleusercontent.com/a-/ALV-UjXVrbQ9tTtGyTep4vXohNOfepmOW-d0bIp-b_M9VdQvtxoz3oco,"Dari awal bikin dipersulit, mau masuk pun juga susah. Sudah ada akun tetapi waktu masukin password dibilang salah padahal sudah bener. Akhirnya diarahkan buat pass baru. Ehh waktu masukin pin, ""password belum berhasil disimpan"". Ini gimana sih?? Make mbanking yg lain mudah kok cuma aplikasi ini aja yg susah buat login?? Internet lancar, buka aplikasi lancar gaada ngadet. Aplikasi ini saja yg banyak bgt dramanya",1,195,3.2.0,2026-01-22 11:24:28,"Hai Sahabat @yaomi inaya, mohon maaf atas ketidaknyamanannya. Terkait kendala Sahabat mohon untuk dapat mengirimkan email ke mandiricare@bankmandiri.co.id atau dapat menghubungi Mandiri Call 14000 lalu tekan 2 agar dapat dilakukan pengecekan. Tks~Kila",2026-01-22 11:27:43,3.2.0
824e0cdd-dc40-4f75-aef4-eca931815c72,Azura Agustina,https://play-lh.googleusercontent.com/a-/ALV-UjX-b7w2BGDLXRG4w9Fgw0CFuffc6wftmPW76Xgpsk_mCONR-Ey3,Kenapa ya sekarang mandiri di jam-jam tengah malam suka melakukan pelayanan rutin terus? Saya sudah beberapa kali ingin pembayaran di tengah malam menggunakan qris tapi selalu ada pemeriksaan rutin yang pada akhirnya tidak bisa masuk aplikasi sama sekali. Hal ini sangat mengganggu transaksi karena saldo cuma berada di aplikasi mandiri saja.,2,62,3.2.0,2026-01-16 23:29:04,"Hi Sahabat @Azura Agustina, mohon maaf atas ketidaknyamanannya. Saat ini Bank Mandiri tengah melakukan pemeliharaan dan optimalisasi layanan pada Jumat, 16 Januari 2026 pukul 23.00 - selesai. Tks~Mandala",2026-01-16 23:33:11,3.2.0
1831c09c-64a7-4160-be77-386261e169a9,Seorang Manusia,https://play-lh.googleusercontent.com/a-/ALV-UjVngccwQw5KRkAtidgJpgGJHii-7Fab3Pfqsxbz3ZijFtFG7kvWFg,"Tolong segera diperbaiki! Fitur Login menggunakan Fingerprint cuman bertahan 1 hari, selebihnya nonaktif sendiri, bikin ribet bangett padahal gak di apa²in, harusnya fitur tsb untuk mempermudah dan ini malah tambah repot bolak balik ke setting buat aktifin terus",2,21,3.2.0,2026-01-31 18:39:28,"Halo Sahabat @Seorang Manusia, mohon maaf atas ketidaknyamannya. Perihal kendala pada layanan Livin' by Mandiri, mohon untuk dapat mengirimkan email ke mandiricare@bankmandiri.co.id atau dapat menghubungi layanan mandiri 14000 agar dapat dilakukan pengecekan. Tks~Kale",2026-01-31 18:41:57,3.2.0
099f964e-c634-4475-beaf-3f9ae7aa8b81,Budi Setiawan Sembiring,https://play-lh.googleusercontent.com/a-/ALV-UjVXsgSwv6dk7-pHDeXlkms_p_KvFb_E7S1AgyFfackgD-z9w2GokA,"Ini aplikasi niat jualan fitur atau niat nyiksa nasabah sih?! Udah diatur tanggal waktu otomatis sesuai instruksi, tetep aja dibilang 'Proses belum dapat dilanjutkan'. Gak jelas banget! Orang mau transaksi penting, darurat, malah diputer-puter sama sistem yang gak sinkron. Udah hapus cache, restart HP, sampai jungkir balik tetep gak bisa. Jangan rilis update kalau cuma buat nambah error! Kerjaannya cuma nyusahin nasabah doang!",1,9,3.2.0,2026-02-17 11:33:37,"Halo Sahabat @Budi Setiawan Sembiring, mohon maaf atas ketidaknyamanannya. Terkait kendala Sahabat mohon untuk dapat mengirimkan email ke mandiricare@bankmandiri.co.id atau dapat menghubungi Mandiri Call 14000 lalu tekan 2 agar dapat dilakukan pengecekan. Tks~Risa",2026-02-17 11:55:44,3.2.0
399571f1-97c6-4213-ba49-ef8896b0e26a,YOGI AZIZ,https://play-lh.googleusercontent.com/a-/ALV-UjWLnQcJQUQG4tQlnFSmY2_sHGQKobbRKxLAcDYn9BxgRIWqf8lr,"setelahnya update pas mau topup e toll, muncul iklan atau penawaran asuransi , jujur bagi sya itu mengganggu, bisa saja secara tidak sengaja, bisa tercentang, seharusnya buat sendiri fiture atau icon, khusus , jangan diikuti hal lain,,, apa lagi tidak berkaitan dengan bank, tolong dihapus saja !!",1,274,3.2.0,2025-12-11 08:40:47,"Halo Sahabat @YOGI AZIZ, mohon maaf atas ketidaknyamannya. Perihal kendala pada layanan Livin' by Mandiri, mohon untuk dapat mengirimkan email ke mandiricare@bankmandiri.co.id atau dapat menghubungi layanan mandiri 14000 agar dapat dilakukan pengecekan. Tks~Carissa",2025-12-11 08:45:12,3.2.0
4d84e8a0-889c-43d5-8c7d-c722a4200b29,Maya Adetya,https://play-lh.googleusercontent.com/a-/ALV-UjU18NmBPIeqVCA0B4pkF4ZZeMpTmNf4MK7TGhKixeuxS3aQ56hO,"Biometrik untuk login tiba-tiba non aktif sendiri. Begitu login tidak bisa digunakan minta pengaturan tanggal dan jam otomatis, padahal sudah sesuai. Lalu muncul lagi keterangan proses belum dapat dilanjutkan silahkan tinggalkan halaman atau pengaturan lainnya. Ini kenapa sih? Padahal dipakainya di sore hari.",1,77,3.2.0,2026-02-14 16:46:17,"Hai Sahabat @Maya Adetya, mohon maaf atas ketidaknyamanannya. Terkait kendala yang dialami mohon untuk mengirimkan email ke mandiricare@bankmandiri.co.id atau menghubungi layanan mandiri call 14000 agar dapat dilakukan pengecekan ya. Tks~Divia",2026-02-14 16:49:15,3.2.0
0b665001-d7e3-4068-ab37-f72ddc646cfa,Akhtar Zaydan Noursyamba,https://play-lh.googleusercontent.com/a/ACg8ocIdo0IUtjkD9MQiplYd0KbORXkpp6aOU85gtvgbHG59mxdf=mo,"di deskripsi tertulis untuk android versi 7 ke ata.sedangkan hp saya versi 9 androidya tapi malah ga bisa dipake sama sekali. malah ada keteragan ""sistem penggunaan handphone anda tida mendukung untuk menggunakan livin""...sumpah aneh gajls..orng mau pake karena butuh malah dipersulit",1,16,3.2.0,2026-02-01 23:07:29,"Halo Sahabat @Akhtar Zaydan Noursyamba, mohon maaf atas ketidaknyamannya. Perihal kendala pada layanan Livin' by Mandiri, mohon untuk dapat mengirimkan email ke mandiricare@bankmandiri.co.id atau dapat menghubungi layanan mandiri 14000 agar dapat dilakukan pengecekan. Tks~Kale",2026-02-01 23:10:33,3.2.0
46d14597-6a83-45ac-b76b-81edc78d54ab,M Gibran,https://play-lh.googleusercontent.com/a/ACg8ocLMh7inUYwTPkN9k6KX7KNqglgwTFk7lnHgsTJHwxC1Z-cdGA=mo,"sementara 2 bintang dulu, kenapa saya mau login gak bisa dimenu aplikasi livin cuma ada 2 pilihan ""belum punya akun"" & punya kartu debet dan kartu kredit itu gimana bikin bingung orang saja, tolong bantuannya dan perlu perbaikan lagi hatus ada untuk menu login langsung ke aplikasi livin..",2,33,3.2.0,2026-01-19 23:15:38,"Halo Sahabat @M Gibran, mohon maaf atas ketidaknyamannya. Untuk perihal kendala pada layanan Livin' by Mandiri, mohon untuk dapat mengirimkan email ke mandiricare@bankmandiri.co.id atau dapat menghubungi layanan mandiri 14000 dengan tekan 2 agar dapat dilakukan pengecekan. Tks~Irish",2026-01-20 06:04:28,3.2.0
65b1af62-6e8e-48f9-b69c-ed08e4b99943,Kirim kesini,https://play-lh.googleusercontent.com/a/ACg8ocKX7Q83zGJUs4jrfA-NizZ_WkV61ZBBTNY76iSvqBZ9oV-HDA=mo,"Masalah pada pencarian nama pada rekening tujuan yg sudah tersimpan, cuma bisa kata depan. Aplikasi sebelumnya ketik apa saja, maka akan muncul kata yg sama. ditambah aplikasi sdh gak kehitung brp kali force close dan sdh kesekian kalinya aplikasi log out jadi harus log in baru (sama seperti baru dload). *saya pake android Xiaomi 14 khusus banking aja yg menurut saya speknya gak jadi alasan utk penggunaan app ini. tlg kembalikan kenyamanan pengguna / nasabah seperti zaman sebelum Livin. trims",1,33,3.2.0,2026-01-31 10:36:37,"Halo Sahabat @Kirim kesini, mohon maaf atas ketidaknyamanannya. Terkait kendala Sahabat mohon untuk dapat mengirimkan email ke mandiricare@bankmandiri.co.id atau menghubungi Mandiri Call 14000 lalu tekan 2 agar dapat dilakukan pengecekan. Tks~Cira

",2026-01-31 10:45:36,3.2.0
ea5d371e-6efb-4af3-8cde-b4eadd352398,Jessica Caramello,https://play-lh.googleusercontent.com/a/ACg8ocKly11JckcB_j9NbNaVIPjEv5if3L2ljFZu5Er54nAqwF-FHQ=mo,"Mengapa gak bisa login ke mbanking mandiri yaa saya memang belum bikin kartu fisiknya tapi saya udah buka tabungan online tapi pas saya logout mau login lagi kok gak bisa, kok malah opsinya kembali keawal yaitu buka tabungan/login dengan debit atau kredit . lah saya kan gabisa ngakses rekening digitalnya dong gabisa transaksi online dong kalo gitu. Ini gimana tolong solusinya",2,73,3.2.0,2025-12-09 18:58:46,,,3.2.0
a8505506-a47f-40c8-bb45-1de848923e19,Stinika Musamma,https://play-lh.googleusercontent.com/a/ACg8ocK4Lnd4gq7nXCQNuCANokaWh8KrH06bnbGegc0FFy_VxV2H0Q=mo,"Udah lama nahan, akhirnya terpaksa kasih rating bintang 1 juga. Karena belum ada perubahan juga. Login lama sekali, kalau perlu pembayaran cashless, sangat memakan waktu & memalukan. Dikira jaringan tidak stabil, padahal memang aplikasinya yang sangat lambat. Tolong segera diperbaiki!",1,1315,3.2.0,2025-11-16 22:17:03,"Halo Sahabat @Stinika Musamma, mohon maaf atas ketidaknyamannya. Perihal kendala pada layanan Livin' by Mandiri, mohon untuk dapat mengirimkan email ke mandiricare@bankmandiri.co.id atau dapat menghubungi layanan mandiri 14000 agar dapat dilakukan pengecekan. Tks~Syarif",2025-11-16 22:21:58,3.2.0
981f84cc-6e43-4566-a33b-5f5c3056ff71,Asep Supriadi,https://play-lh.googleusercontent.com/a-/ALV-UjWugJ-k92DBOaFdCKG9lUpE3H82i4eelQfYiDtVJihXkfA7-yiC,"entah kenapa, setiap buka livin, selalu jaringan data drop, akhirnya loading terus gk masuk² menu livin. harus reset jaringan data, masuk mode pesawat atau restar hp, lalu matikan lagi mode pesawatnya, baru jaringan normal lagi, dan bisa masuk lovin. sangat mengganggu ketika butuh cepat transaksi mobile. padahal mbanking yg lain normal loh di hp saya. hanya livin saja yg seperti itu.",3,323,3.2.0,2025-11-25 19:34:01,"Halo Sahabat @asep supriadi, mohon maaf atas ketidaknyamannya. Untuk perihal kendala pada layanan Livin' by Mandiri, mohon untuk dapat mengirimkan email ke mandiricare@bankmandiri.co.id atau dapat menghubungi layanan mandiri 14000 agar dapat dilakukan pengecekan. Tks~Irish",2025-11-25 19:36:59,3.2.0
7b4b4a6c-2dcd-4b5a-ba6a-3c818c742c93,Fitri Fitri,https://play-lh.googleusercontent.com/a/ACg8ocIpnxmVylgr-NFUz7ti1qx5J7kv3I621Y6Hqdh-l386TtIReZxU=mo,"banyak sekali uang kecil di potongan, memang biaya perawatan kartu berapa kali dalam 1 bulan, bulan ini saya terpotong sampai 3 kali, yg pertama 5000, terus 6000, terus 6000 lagi, ini biaya apa si sebenernya, emang cm segitu tp kalo sering kayak gini terus bukan cuma saya aja kan banyak, lama lama gak jelas ni, terus saya juga pernah isi emoney, saldo livin ketarik tp emoney gak masuk saldo, di update gak ada saldo pending, disuruh hubungi call canter 14000, biaya pulsa bisa lebih dari isi emony",1,148,3.2.0,2025-12-05 02:48:39,"Halo Sahabat @Fitri Fitri, mohon maaf atas ketidaknyamanannya. Untuk perihal kendala yang dialami, mohon untuk dapat mengirimkan email ke mandiricare@bankmandiri.co.id agar dapat dilakukan pengecekan. Tks~Raka",2025-12-05 02:50:21,3.2.0
4c9871ee-617a-4f31-aaff-aed2c477303b,Kazen Arifin,https://play-lh.googleusercontent.com/a/ACg8ocLqvwFOzFZsg-kvuzuO2Gn7gkzTw8IVET8KMwpmSnX944WkLQ=mo,"3 hari terakhir ini, kami terus mencoba buka aplikasi tetap tidak bisa dibuka, ""tertulis jaringan bermasalh, silahkan mencoba kembali"", kami coba lgi di menit berikutnya dan jam berikutnya tetap tulisannya sama, mohon segera diperbaiki aplikasi ini, demi kenyamanan nasabah",2,0,3.2.0,2026-02-22 17:04:21,"Halo Sahabat @Kazen Arifin, mohon maaf atas ketidaknyamanannya. Terkait kendala Sahabat mohon untuk dapat mengirimkan email ke mandiricare@bankmandiri.co.id atau dapat menghubungi Mandiri Call 14000 lalu tekan 2 agar dapat dilakukan pengecekan. Tks~Gala",2026-02-22 17:08:17,3.2.0
c4a32c04-8f20-450b-982e-77eaa62d7849,ahmad Asdi,https://play-lh.googleusercontent.com/a-/ALV-UjVqPXWCdh4b0hj8adHK1c08SZ9q88gOnMB5tpdA0dooqIvi48m8,"livin mudah digunakan, tapi kekurangan nya setiap salah password harus mengulangi aktivasinya,harus dengan memakai password yg baru, alhasil jika setiap ganti password harus pakai password baru, makin pengguna sering lupa password. mohon untuk bisa pengulangan password yang pernah dipakai, agar tidak mudah salah.",3,28,3.2.0,2025-12-09 12:12:53,"Halo Sahabat @ahmad Asdi, mohon maaf atas ketidaknyamanannya. Terkait kendala Sahabat mohon untuk dapat mengirimkan email ke mandiricare@bankmandiri.co.id atau dapat menghubungi Mandiri Call 14000 lalu tekan 2 agar dapat dilakukan pengecekan. Tks~Momo",2025-12-09 12:37:01,3.2.0
f9f0e125-0a9f-486c-844c-15a9e475bdc6,habib,https://play-lh.googleusercontent.com/a-/ALV-UjWIpU43w754JVmgbY_CtItN749DDZo5DSiPtSCX_oal5P_G1Is,"kenapa aplikasi Livin itu berat bukanya ya. kalau karena spek hp, nyatanya yang lain bisa cepet. tp Livin bisa 5-10 menit loading nya. tolong dong min diperbaiki. bukan pengin membandingkan, cobalah lihat aplikasi bank yg lain yg lebih ringan bukanya",4,55,3.2.0,2025-11-29 12:48:46,"Halo Sahabat @Habib, mohon maaf atas ketidaknyamannya. Untuk perihal kendala pada layanan Livin' by Mandiri, mohon untuk dapat mengirimkan email ke mandiricare@bankmandiri.co.id atau dapat menghubungi layanan mandiri 14000 dengan tekan 2 agar dapat dilakukan pengecekan. Tks~Irish",2025-11-29 12:59:04,3.2.0
d185e94d-da11-465a-881f-1bb695370a6f,Leni Fitri,https://play-lh.googleusercontent.com/a-/ALV-UjWDIcQj8L38nNVjSJBGByQnHYNvhjO6ytL6mMEuALS5zWFQlBNN,"Sorry to say kecewa skrg sama mandiri. mau transfer ke e-commerce pake biaya admin 1500 per transaksi padahal bank tujuan itu mandiri misal transfer ke doku merchant. Trus fakta lain nih ya, biaya bulanan ditarik lebih besar dari bank lain. Kebijakan seperti apa ini mengecewakan sekaleeeeeee !!",2,28,3.2.0,2025-12-17 10:54:36,"Halo Sahabat @Leni Fitri, mohon maaf atas ketidaknyamanannya. Terkait kendala Sahabat mohon untuk dapat mengirimkan email ke mandiricare@bankmandiri.co.id atau dapat menghubungi Mandiri Call 14000 lalu tekan 2 agar dapat dilakukan pengecekan. Tks~Risa",2025-12-17 10:58:38,3.2.0
8e2dcaf8-5a58-469c-b08e-bc671f1cb03b,Risha 04,https://play-lh.googleusercontent.com/a/ACg8ocIVMn2pFDV1YfKeWPHHH9pxRYZ5-dlztzBwX1UvcnYDHFniyOt0=mo,"Untuk aktivasi kartu saja tidak bisa lewat aplikasi tapi harus datang ke cabang, lalu buat apa ada bahasa ""bisa langsung aktifkan lewat m-banking""?! Dan saat mau coba buka rekening baru malah harus datang ke cabang juga.. Niat ingin membantu nasabah atau ingin mempersulit? Merasa sia-sia saya punya aplikasi ini di handphone, tidak ada gunanya.",1,3,3.2.0,2026-02-18 04:32:10,"Halo Sahabat @Risha 04, mohon maaf atas ketidaknyamanannya. Terkait kendala Sahabat mohon untuk dapat mengirimkan email ke mandiricare@bankmandiri.co.id atau dapat menghubungi Mandiri Call 14000 lalu tekan 2 agar dapat dilakukan pengecekan. Tks~Gala",2026-02-18 05:16:36,3.2.0
ff835b2f-b43f-4104-9bf8-49e5c12481e3,Athallah nafis Al-rasyid,https://play-lh.googleusercontent.com/a/ACg8ocKXLTEU6FRXtRTQvo_D0Ke5z6X2BE8RbkrxcXTGxkhXUQkq1Q=mo,"ini kenapa sudah seminggu aplikasi livin saya tidak bisa dibuka, ""Belum berhasil terhubung, kami sedang mengecek hal ini, silahkan coba beberapa saatlagi"" padahal di hp teman saya livin bisa dibuka, sudah seminggu seperti ini kapanpun dan dimanapun saya tidak bisa membukanya, saya kira karena kendala jaringan internet, tetapi tidak. Tolong diperbaiki sistemnya, sangat mengecewakan. Saya kasih bintang 1 dulu, nanti kalau sudah bisa saya update bintang 5.",1,9,3.2.0,2026-01-22 18:43:46,"Halo Sahabat @Athallah nafis Al-rasyid, mohon maaf atas ketidaknyamanannya. Terkait kendala Livin' by Mandiri, mohon mencoba kembali secara berkala. Jika masih terkendala mohon mengirimkan pesan email ke mandiricare@bankmandiri.co.id atau dapat menghubungi Mandiri Call 14000 lalu tekan 2 agar dapat dilakukan pengecekan. Tks~Romi",2026-01-22 18:48:41,3.2.0
b48e9fa3-6633-423b-b265-7630d6e3a2d0,Al Fahmi,https://play-lh.googleusercontent.com/a/ACg8ocKcqdUTG2retOfJOiYc_o0j4Xh1nLzyixUDOa3Z2CqKuTh2BQ=mo,"buka rekening sampai percobaan 4 kali di aplikasi, dari tanggal 8 januari januari sampai 26 januari g pernah berhasil, alesannya akan selalu kami proses, tapi tidak pernah berhasil, entah itu sukses atau dapet tanggapan lain. Saya belum pernah ke cabangnya sih, cuman mendaftar lewat aplikasi saja, tapi tetap ngeselin, ribet ribet. padahal temen saya yg barengan daftar pada tanggal 8 saat itu juga langsung berhasil",1,9,3.2.0,2026-01-26 17:21:28,"Hi Sahabat @Al Fahmi, mohon maaf atas ketidaknyamanannya. mohon maaf atas ketidaknyamanannya. Terkait kendala Sahabat mohon untuk dapat mengirimkan email ke mandiricare@bankmandiri.co.id atau dapat menghubungi mandiri call 14000 agar dapat dilakukan pengecekan. Tks~Mandala",2026-01-26 18:21:01,3.2.0
6a1ce573-85ba-4fcf-8ba8-6cd2db433235,Nur Eka,https://play-lh.googleusercontent.com/a-/ALV-UjWmqI8O2RjFPj0W1rVUXKoQdt0C33pQ__Wnx7-uc5lKtIHoZHs,"udah berapa kali setiap mau transaksi selalu gak bisa. entah kekmana. proses tidak bisa dilanjutkan, terus suruh otomatis jam padahal jam udah bener. kalau emang karena jaringan seharusnya dari awal login gak bisa. ini bisa sampai proses akhir, pas udah terakhir gak bisa. menyusahkan, orang butuh cepat untuk transaksi",1,7,3.2.0,2026-02-06 07:30:21,"Halo Sahabat @Nur Eka, mohon maaf atas ketidaknyamanannya. Terkait kendala Sahabat mohon untuk dapat mengirimkan email ke mandiricare@bankmandiri.co.id atau menghubungi Mandiri Call 14000 lalu tekan 2 agar dapat dilakukan pengecekan. Tks~Vika",2026-02-06 07:49:04,3.2.0
d895811c-2580-423d-b7ad-2bd4bd22c637,Fanisa Amelia,https://play-lh.googleusercontent.com/a-/ALV-UjXFWgzxwfO07UhjxVnyaiI6LAbQxYiWLPpPWospe4GMGia1lR8,"sudah berapa hari ini livin bermasalah, setiap mau masuk ke apk nya selalu tampilan apk baru dan harus isi data dari awal, selesai masukan otp selalu mengatakan layanan tidak tersedia sementara. sedangkan sebagian besar uang saya ada di livin",2,0,3.2.0,2026-02-21 08:36:41,"Halo Sahabat @Fanisa Amelia, mohon maaf atas ketidaknyamanannya. Terkait kendala Sahabat mohon untuk dapat mengirimkan email ke mandiricare@bankmandiri.co.id atau dapat menghubungi Mandiri Call 14000 lalu tekan 2 agar dapat dilakukan pengecekan. Tks~Risa",2026-02-21 08:39:51,3.2.0
8fbb20e5-f4d3-4ff9-a16a-13feb61ecee2,della riana sari,https://play-lh.googleusercontent.com/a/ACg8ocKc_d0cKaqCf7tpey3v2QdoLlfDOEbg1zp4p8g42CXu1i1-bg=mo,kartu kredit expired dan dikirim ke alamat lama. tetapi YBS TIDAK LAGI BERADA DI ALAMAT LAMA!! notifikasi pengiriman terkirim! nasabah tidak merasa menerima kartu tersebut. telp 14000 malah disuruh kirim email sendiri. tidak memberikan solusi yang mudah! lain kali pilih kurir pengiriman yang amanah!!,1,0,3.2.0,2026-02-23 12:07:16,"Halo Sahabat @della riana sari, mohon maaf atas ketidaknyamanannya. Terkait kendala Sahabat mohon untuk dapat mengirimkan email ke mandiricare@bankmandiri.co.id atau menghubungi Mandiri Call 14000 agar dapat dilakukan pengecekan. Tks~Vika",2026-02-23 12:10:24,3.2.0
768263d2-0ab5-4e5c-a75b-ec849c3b2160,Mahfuzo,https://play-lh.googleusercontent.com/a-/ALV-UjWLj-JkBKAu3wKoUxvy0pqfN3EBdsxcp4iDz-O7XOix1s0DtTzm,"saya pengguna baru, tapi merasa kurang nyaman. karna pulsa mengendap mandiri terlalu besar 100 ribu dan tidak bisa dipakai pembayaran digital. sedangkan BCA walau biaya adminnya lebih mahal dari mandiri, pulsa mengendap nya masih bisa dipakai pembayaran digital sampai nol.. mohon lebih diperbaiki lagi.",3,30,3.2.0,2026-01-03 13:00:38,"Halo Sahabat @Mahfuzo, mohon maaf atas ketidaknyamanannya. Terimakasih atas saran dan masukan yang diberikan, perihal tsb akan menjadi masukan bagi kami untuk pengembangan aplikasi kedepannya dan meningkatkan kualitas layanan Livin' by Mandiri. Tks~Cira

",2026-01-03 13:04:22,3.2.0
73f8b26f-72c5-45ea-9522-7cf617ea75df,Agung Ido Fukuri,https://play-lh.googleusercontent.com/a-/ALV-UjXNzpY1pgrRr4MrUx9fW5USrNzdmiPHR2kq3HqYjBVjhEzoB3q-mA,"Tolong perbaikin lagi untuk masalah transaksinya min, kadang di jam-jam tertentu selalu eror dan transaksi gagal terus. Bukan hanya di masalah aplikasinya, tapi saat mau tarik tunai di ATM pun selalu eror dan transaksi gagal.",1,27,3.2.0,2026-01-08 01:27:31,"Halo Sahabat @Agung Ido Fukuri, mohon maaf atas ketidaknyamannya. Perihal kendala pada layanan Livin' by Mandiri, mohon untuk dapat mengirimkan email ke mandiricare@bankmandiri.co.id atau dapat menghubungi layanan mandiri 14000 agar dapat dilakukan pengecekan. Tks~Ervan",2026-01-08 01:31:59,3.2.0
dce601fb-4a5c-42f9-9120-fa035fb97326,Gempur Ankara,https://play-lh.googleusercontent.com/a-/ALV-UjVMWfD7cXR3uI9P1fGZibORleb8hmO0SAhvR10_4n63IM8V9baE,"Error setiap memasukkan pin transaksi, tulisannya transaksi tidak dapat dilakukan silahkan lakukan beberapa saat lagi. Tapi diulang 5 kali pun tetap tidak bisa, sangat merepotkan setiap transaksi terjadi hal seperti ini apalagi kalau lagi buru-buru",1,4,3.2.0,2026-02-04 20:09:15,"Halo Sahabat @Gempur Ankara, mohon maaf atas ketidaknyamannya. Perihal kendala pada layanan Livin' by Mandiri, mohon untuk dapat mengirimkan email ke mandiricare@bankmandiri.co.id atau dapat menghubungi layanan mandiri 14000 agar dapat dilakukan pengecekan. Tks~Ervan",2026-02-04 20:13:25,3.2.0
e355b06c-0362-4097-9ba5-7debf072fef5,bhe dul,https://play-lh.googleusercontent.com/a-/ALV-UjVTGNXy5PKZNQypCfWybb9AlH_vEoRpajsVMINZVYxkkCWBrLCr,"Jauh lebih bagus livin biru yang gold nyusahin nasabahnya hanya karena kesulitan di verifikasi wajah harus bolak balik kecabangan terdekatnya, itu pun gak bisa juga cuma buang waktu yang dibutuhkan solusi agar kendala teratasi bukan mengarahkan hubungi ini, hubungi itu, kalo ada bintang 0 saya kasih dah.",1,162,3.2.0,2025-11-17 18:35:42,"Hi Sahabat @bhe dul, mohon maaf atas ketidaknyamanannya. Untuk perihal keluhan yang dialami, mohon untuk dapat mengirimkan email ke mandiricare@bankmandiri.co.id atau dapat menghubungi layanan mandiri 14000 agar dapat dilakukan pengecekan. Tks~Amar",2025-11-17 18:37:47,3.2.0
42fa0345-9240-4bb1-95bf-8fe8c2846cf4,Virgiawan Kroys,https://play-lh.googleusercontent.com/a/ACg8ocKNsx0IGQ3S2SfJ-OoYPkc0tsfAQUCP9WrlBx6X-fE0LsuH0A=mo,"Barusan saya buka rekening melalui aplikasi ini, setelah saya coba masuk kok susah amat ya, aplikasi menyusahkan orang ini namanya, hanya ada 2 pilihan suruh pilih belum punya rekening mandiri, punya kartu debit/kredit mandiri, jika pilih punya kartu debit/kredit malah di suruh masukkan 16 angka nomor, sedangkan nomor rekening saya hanya 13 angka, aplikasi ini sangat menyusahkan pengguna baru",1,33,3.2.0,2026-01-08 16:41:44,"Halo Sahabat @Virgiawan Kroys, mohon maaf atas ketidaknyamanannya. Apabila terdapat kendala agar dapat kami tindaklanjuti, Sahabat dapat mengirimkan email ke mandiricare@bankmandiri.co.id atau menghubungi layanan mandiri call 14000 ya. Tks~Carlos",2026-01-08 16:47:24,3.2.0
15cf76b2-d236-45c0-870a-ed26e9434d1b,Sri Wariyatun,https://play-lh.googleusercontent.com/a-/ALV-UjX-YsqYLpsgHW7sCuOtkfFLbPtA8CxNXIAU_gnt_JBBzIP-HSLy,"menurun lemot,login susah, fingers gak kedetek...masukin pswrd salah...pdhl dulunya aman ..login ulang Dnegan masukkan info kartu debit katanya salah datanya..kan gj...banyak iklan dan potongan admin neko2 juga, biaya 1 kartu 1 rekening aja banyak banget, respon admin tdk membantu juga, sangat disayangkan :)",1,21,3.2.0,2025-12-24 14:33:06,"Halo Sahabat @Sri Wariyatun, mohon maaf atas ketidaknyamanannya. Terkait kendala Sahabat mohon untuk dapat mengirimkan email ke mandiricare@bankmandiri.co.id atau menghubungi Mandiri Call 14000 lalu tekan 2 agar dapat dilakukan pengecekan. Tks~Ninis",2025-12-24 14:35:38,3.2.0
9f7327b4-54ad-4444-826e-3e9c31983170,Numberone.01,https://play-lh.googleusercontent.com/a/ACg8ocItayxeIUGtOstRL4DWPsLMomWeRvLKp_kD96wUnNHWrHEspw=mo,"tolong diperbaiki saat mau masukan data pekerjaan di unit/cabang mana. karena tidak ada pilihan! mau ketik apapun tidak ada yang keluar sama sekali. gimana mau lanjutkan?? setelah di perbaiki baru update bintang 5. kita lihat seberapa lama di perbaiki, apa bahkan gak bakal diperbaiki",1,11,3.2.0,2026-01-21 22:56:57,"Halo Sahabat @Numberone.01, mohon maaf atas ketidaknyamanannya. Apabila terdapat kendala agar dapat kami tindaklanjuti, Sahabat dapat mengirimkan email ke mandiricare@bankmandiri.co.id atau menghubungi layanan mandiri call 14000 ya. Tks~Carlos

",2026-01-21 22:59:38,3.2.0
c9b54c7b-2a57-43f3-937b-709a00519d08,aunur rochim,https://play-lh.googleusercontent.com/a/ACg8ocIB5ngXTFmeLiKkdsaxG9kqi6SfQDbBtl1Xxl6JB6dsXw_5yg=mo,Kamera saya bagus tapi tidak kamera saya jadi tidak bisa dipakai atau blur saat digunakan di dalam aplikasi livin. Developer atau engineernya kayaknya orang yang malas kerja. Bad experience sekali,1,0,3.2.0,2026-02-18 08:41:36,"Halo Sahabat @aunur rochim, mohon maaf atas ketidaknyamanannya. Terkait kendala Sahabat mohon untuk dapat mengirimkan email ke mandiricare@bankmandiri.co.id atau menghubungi Mandiri Call 14000 lalu tekan 2 agar dapat dilakukan pengecekan. Tks~Danti",2026-02-18 08:45:25,3.2.0
531c7f1b-c915-45ec-879a-2e0b4c06ea78,Imanuel FP,https://play-lh.googleusercontent.com/a-/ALV-UjUoVeYKUbTmU6b_a-5oUio0IgFvzaUPsYX3XkOj5P-302C2a3R9,"Tolong di perbaiki!!, selama saya pakai nih aplikasi ga error kyk gini, masa mau TF harus ubah waktu dan tanggal ke otomatis padahal settingan di hp udah waktu otomatis.",1,4,3.2.0,2026-02-05 15:47:11,"Halo Sahabat @Imanuel FP, mohon maaf atas ketidaknyamannya. Untuk perihal kendala pada layanan Livin' by Mandiri, mohon untuk dapat mengirimkan email ke mandiricare@bankmandiri.co.id atau dapat menghubungi layanan mandiri 14000 dengan tekan 2 agar dapat dilakukan pengecekan. Tks~Irish",2026-02-05 15:49:46,3.2.0
345c7df1-7e5b-46ab-bc36-8a378d78014a,Desfika Choirunnisa,https://play-lh.googleusercontent.com/a/ACg8ocK8L3WAiUs3LiWamHiE12JNLDYd3mKBndnOtR5eHHiFgrs81oY=mo,"kenapa apl m-bangking nya selalu log out sendiri dan kalo mau login saat udah masukin otp pasti tetep nggak bisa login. muncul tampilan layanan tidak tersedia, harus ke kantor cabang terdekat. kondisi ini sangat mengganggu saya sebagai nasabah karna menghambat aktivitas transaksi saya dan menyulitkan jika setiap log out harus datang ke kantor cabang. saya harap untuk bisa memberikan solusi dan meningkatkan stabilitas dan kenyamanan nasabah. agar aplikasi lebih real time dengan user.",2,4,3.2.0,2026-02-13 23:12:34,"Halo Sahabat @Desfika Choirunnisa, mohon maaf atas ketidaknyamannya. Perihal kendala pada layanan Livin' by Mandiri, mohon untuk dapat mengirimkan email ke mandiricare@bankmandiri.co.id atau dapat menghubungi layanan mandiri 14000 agar dapat dilakukan pengecekan. Tks~Ervan",2026-02-13 23:19:27,3.2.0
3411a401-8627-40db-b133-28e14144c848,Ta nzi,https://play-lh.googleusercontent.com/a/ACg8ocKJEy5adCKFDmJyVi7RHgf5g_njkFbJBahKFev27VcZnmUs9Q=mo,sangat tidak nyaman..buat yg mau download mending jgn..karna saya baru saja download..dan baru saja mau daftar ..tapi sangat lah sulit ..pas di bagian. foto KTP kamera nya tiba2 buram... padahal kamera hp saya sangat lah jernih...di ulang2 berkali pun tetap sama...disaat mau foto KTP jdi buram...,1,13,3.2.0,2026-01-24 17:52:55,"Halo Sahabat @Ta nzi, mohon maaf atas ketidaknyamanannya. Perihal kendala pada layanan Livin' by Mandiri Sahabat dapat mengirimkan email ke mandiricare@bankmandiri.co.id atau dapat menghubungi layanan mandiri call 14000 agar dapat dilakukan pengecekan. Tks ~ Said",2026-01-24 18:30:37,3.2.0
28e34c33-6599-448d-b426-693afdefe152,Ali Musthafa,https://play-lh.googleusercontent.com/a-/ALV-UjX0R02DxVl2euln748vEt_dUCDae6ABAcM1Z8jGsTRwUZRmqLqK,"livin mandiri ko susah sekali sekarang kalo mau transfer, sering gagal tiba2 keluar pengaturan waktu dan jam, di otak atik dulu baru bisa, besok ga bisa lagi. tolong dibenerin aplikasinya ada yang eror itu hampir semua pengguna seperti itu, jadi jangan kita suruh buat pengaduan. benerin aja dulu aplikasinya, nanti bug erornya buat mainan orang ga bertanggung jawab baru tau rasa kalian",1,1,3.2.0,2026-02-19 07:44:07,"Halo Sahabat @Ali Musthafa, mohon maaf atas ketidaknyamanannya. Terkait kendala Sahabat mohon untuk dapat mengirimkan email ke mandiricare@bankmandiri.co.id atau menghubungi Mandiri Call 14000 lalu tekan 2 agar dapat dilakukan pengecekan. Tks~Vika",2026-02-19 07:50:01,3.2.0
a96982de-259d-4bf2-b51f-1a2b6308d9a2,Sitinikmatuljannah Nikmah,https://play-lh.googleusercontent.com/a/ACg8ocLjlBaRRgrBBKuRNBE33flDFQ5ponprxgkkMEl3nLymWYrPoA=mo,"kenapa kalau mau transfer ga bisa? no rekening sumber tidak bisa di gunakan. pastikan nomor rekening sumber aktif.. itu gimana maksudnya? padahal no rekening tujuan aktif,, no rekening mandiri yang di gunakan juga aktif . untuk isi pulsa hp juga gitu",2,6,3.2.0,2026-02-12 04:08:48,"Hi Sahabat @Sitinikmatuljannah Nikmah, mohon maaf atas ketidaknyamanannya. Terkait kendala Sahabat mohon untuk dapat mengirimkan email ke mandiricare@bankmandiri.co.id atau dapat menghubungi mandiri call 14000 agar dapat dilakukan pengecekan. Tks~Mandala",2026-02-12 04:12:03,3.2.0
f2421437-ed42-498a-bdc3-06daa6e10e5f,Intan Aqil,https://play-lh.googleusercontent.com/a/ACg8ocJNMQFZDNSdruZw_BxE2l1D_9RSayPhTP2xRnY88_FhqEweOQ=mo,"awal pakai lumayan, kmaren kartu masa tenggang, aku inisiatif aktifin lewat livin aplikasi ini, sudah di proses & di cetak eh malah gagal kirim, disuruh kirim ulang dengan menelpon nomor resmi yang memiliki centang biru, malah responnya bertele² tidak ada respon, hanya robot yg ada,",3,2,3.2.0,2026-02-04 14:10:25,"Halo Sahabat @Intan Aqil, mohon maaf atas ketidaknyamannya. Untuk perihal kendala pada layanan Livin' by Mandiri, mohon untuk dapat mengirimkan email ke mandiricare@bankmandiri.co.id atau dapat menghubungi layanan mandiri 14000 dengan tekan 2 agar dapat dilakukan pengecekan. Tks~Irish",2026-02-04 14:12:37,3.2.0
2d5ff140-d851-486b-89c2-c01b7af4e49d,Silvi Yani0505,https://play-lh.googleusercontent.com/a/ACg8ocILHsmijOnnMCjy66YvXm4Jn7vNFcqTGoEHNEr5VRQ4dHjPjg=mo,"tolong dong udah sering banget. livin gabisa transaksi maupun di ATM. padahal sandi udh bener banget. trus aplikasi juga ga gonta ganti di HP lain.. tolong banget ya, soalnya kalo saya perlu di tgl segini hari ini itu gabisa diundur² lagi dong, apalagi uang saya disitu semua. yang tadinya mau Terima beres ini malah dibikin ribet.",3,2,3.2.0,2026-01-31 12:28:33,"Halo Sahabat @Silvi Yani0505, mohon maaf atas ketidaknyamanannya. Terkait kendala Sahabat mohon untuk dapat mengirimkan email ke mandiricare@bankmandiri.co.id atau menghubungi Mandiri Call 14000 lalu tekan 2 agar dapat dilakukan pengecekan. Tks~Vika",2026-01-31 12:39:45,3.2.0
b46b0b60-cbd2-4d56-8a09-7537a3bc1ed1,Risna,https://play-lh.googleusercontent.com/a-/ALV-UjXn3NRDjaEeO9GfjeK1fuWkJ3YdZ0YSu5x78cy3S38quvYrMlxZ,"Mohon maaf sebelumnya, tolong aplikasi nya di optimalkan lagi jalan operational kerja nya 🙏 saya sudah lama dan setia menggunakan Bank Mandiri dari dulu sampai sekarang. Setiap kali saya mau login, selalu bermasalah akhir-akhir ini.. padahal jaringan internet ada dan tidak ada hambatan.. mohon perbaikan nya segera, terima kasih dan sehat selalu 🙏",5,70,3.2.0,2026-02-04 14:39:32,"Halo Sahabat  @Risna, mohon maaf atas ketidaknyamanannya. Terimakasih atas saran dan masukan yang diberikan, perihal tsb akan menjadi masukan bagi kami untuk pengembangan aplikasi kedepannya dan meningkatkan kualitas layanan Livin' by Mandiri. Tks~Momo",2026-02-04 14:52:28,3.2.0
0387e13e-3662-4a5c-b624-e152aaa33517,Tiraa Tumandihe,https://play-lh.googleusercontent.com/a-/ALV-UjWMDwV2m_RfxI3TOzJ51t7n9LY6sva-fDPiE0xuiGa8MftpBaw,"ok,, Saya beri ulasan lagi dan ranting bintangnya Saya rubah,,jadi lima karena sudah tidak ada kendala lagi di aplikasi,, tadinya ada Kendala sedikit sih, cuman masa tanggal dan waktu,,dan aplikasinya sudah berfungsi dengan baik,,ok pokoknya buat aplikasi Livin mandiri bisa sukses selalu,, trimakasih sudah membantu transaksi saya🙏☺️",5,3,3.2.0,2026-02-24 08:04:23,"Hai Sahabat @Tiraa Tumandihe, terima kasih atas review yang telah diberikan. Semoga dapat terus menikmati kemudahan dan kenyamanan dalam menggunakan Livin’ by Mandiri ya. Daftarkan transaksi secepat kilat pada menu Quick Pick untuk diakses pada halaman Login atau Beranda. Yuk coba sekarang. Tks~Divia",2026-02-24 08:06:37,3.2.0
ad3dbbe2-7735-4a0d-afb0-9de7ef649000,divi dias,https://play-lh.googleusercontent.com/a-/ALV-UjUwDdFiirdWGnWQQSPTBa5CzNIQS262sxcDtTtLG1J6bn1CFaU,"setelah transfer, mau balik ke menu awal nggak bisa, jadi harus di tutup dulu aplikasinya dan buka lagi kalau mau transaksi yang lain. mau transfer via virtual account juga ribet cari multi payment dimana, kenapa enggak memunculkan menu vn di muka biar gampang kalau mau trf"" lewat vn, tidak ribet cari multi payment.",5,33,3.2.0,2026-02-16 23:29:57,"Halo Sahabat @divi dias, mohon maaf atas ketidaknyamanannya. Terkait kendala Sahabat mohon untuk dapat mengirimkan email ke mandiricare@bankmandiri.co.id atau dapat menghubungi Mandiri Call 14000 lalu tekan 2 agar dapat dilakukan pengecekan. Tks~Gala",2026-02-16 23:47:09,3.2.0
ab3f2dbc-0aea-4333-b678-e812d93e6b8f,Imelda Sadipun,https://play-lh.googleusercontent.com/a-/ALV-UjXxITYPBXRKOucz-tIZgC-De9gW4tlrnNRTB09eLY7nOrqqKrJ1,"living semakin ke sini makin gak jelas,masa pas transaksi masukan pin selalu muncul notice (proses belum dapat di lanjutkan selalu di minta coba lagi)lUda coba ke kantor terdekat tapi hasil nya masih sama aja Uda atur tanggal sama waktu pun tetap aja muncul notice yg sama. lucunya lagi pihak kantor pun gak tau solusi nya.saranku sih kalo aplikasinya bermasalah mendingan gak usa di pakai aja pak soalx Uda capek aku bolak-balik kantor hanya masalah aplikasi bukannya mempermudah malah jadi ribet.",1,3,3.2.0,2026-02-03 21:31:58,"Halo Sahabat @Imelda Sadipun, mohon maaf atas ketidaknyamanannya. Terkait kendala akses melalui Livin' by Mandiri, mohon mengirimkan pesan email ke mandiricare@bankmandiri.co.id atau dapat menghubungi Mandiri Call 14000 lalu tekan 2 agar dapat dilakukan pengecekan. Tks~Romi",2026-02-03 21:37:51,3.2.0
ba517efe-c000-488d-a445-aa69a7b09050,foxyria rosetta,https://play-lh.googleusercontent.com/a/ACg8ocKz6Xw-J5iRsq0H7oJFShw7SPVYhQ1nfDBDwD3WwwKCwznQqg=mo,"Halo saya ada kendala Mengakses livin bisa, tetapi setiap qris selalu meminta pengaturan jam otomatis padahal handphone telah di atur otomatis, sehingga menganggu pemakaian qris Apa ada solusi? Terimakasih",1,1,3.2.0,2026-01-29 06:41:30,"Halo Sahabat @foxyria rosetta, mohon maaf atas ketidaknyamanannya. Terkait kendala Sahabat mohon untuk dapat mengirimkan email ke mandiricare@bankmandiri.co.id atau menghubungi Mandiri Call 14000 lalu tekan 2 agar dapat dilakukan pengecekan. Tks~Cira

",2026-01-29 06:44:32,3.2.0
9d70c44f-4096-4289-b7df-b27bc3abe7a2,I don't Care,https://play-lh.googleusercontent.com/a-/ALV-UjWoKO-H-JVliq4F5sPxTY29KGB0jzbLWaHfi0ScRv1a4MNbVrHJ,"Aplikasi oke aman, buat pembayaran sangat mudah dan cepat meskipun fee taker nya lumayan mahal kalo ke seabank atau atm lain, disini saya mau tanya ... bagaimana cara mengganti nomer HP saya di growin mandiri sekuritas, karena nomer tersebut tidak bisa menerima kode verifikasi lewat WhatsApp. dikarenakan nomer tersebut terkena blokir dsr WhatsApp, dan tidak bisa menerima kode verifikasi lewat sms juga. mohon balasan nya, Terimakasih 🙏.",5,1,3.2.0,2026-02-03 06:07:52,"Halo Sahabat @I don't Care, terima kasih atas review yang telah diberikan. Semoga terus menikmati kemudahan dan kenyamanan dalam menggunakan Livin' by Mandiri ya. Daftarkan transaksi secepat kilat pada menu Quick Pick untuk diakses pada halaman Login atau Beranda. Yuk coba sekarang. Tks~Ervan",2026-02-03 06:12:28,3.2.0
678b8958-a75d-4786-ba00-2263ee77e44b,amseokjin,https://play-lh.googleusercontent.com/a/ACg8ocKp2dGsz-0k32vEDKiq7-puqgIm4BTfEoORORcGq66TS3t9uw=mo,"sngat kecewa,saya baru daftar mbanking livin,pertama masi lancar stelah daftar smua,dan di ajukan surh isi saldo minimal 100 rbu,sya isi pnjem dulu ketmen 500 rbu,rncana nya mau di tf balik lagi ke tmen pas waktu itu juga,eh setelah di isi,mlah pas buka mbanking surh masukin nomor kartu,sedangkan nomor kartu aja blum ada liat dari email ga ada,ya ga bisa masuk sama sekali..percuma dong klw bikin online klw ujung2 nya harus ke cabang..",1,2,3.2.0,2026-02-01 01:01:00,"Halo Sahabat @amseokjin, mohon maaf atas ketidaknyamanannya. Untuk mengaks Livin' by Mandiri kembali dibutuhkan data kartu mandiri debit, mohon menunggu kartu diterima jika memilih kartu dikirimkan atau dapat menerbitkan kartu ke kantor cabang jika memilih penerbitannya melalui kantor cabang (membawa KTP asli dan tidak dikenakan biaya). Tks~Romi",2026-02-01 01:05:56,3.2.0
07acfeea-f51b-4261-990b-d6a927f7baa3,Agung Putranto,https://play-lh.googleusercontent.com/a/ACg8ocJMkpWtY2scG_2UeM9ExTefYt6Oa18B0j_Nll6lJ20RDs6B1A=mo,"sy sudah menggunakan Livin sudah cukup lama. baru kali ini install di hp baru dg os android 16 terbaru tetapi tidak bisa. mohon solusinya? setiap kali mencoba untuk masuk, selalu sistem tidak support.",1,1,3.2.0,2026-02-01 00:23:55,"Halo Sahabat @Agung Putranto, mohon maaf atas ketidaknyamanannya. Terkait kendala akses Livin' by Mandiri, mohon mencoba kembali dan pastikan menggunakan Sistem Operasi resmi bawaan perangkat. Apabila masih terkendala, mohon mengirimkan pesan email ke mandiricare@bankmandiri.co.id atau dapat menghubungi Mandiri Call 14000. Tks~Romi",2026-02-01 00:37:12,3.2.0
07e6e8d6-41ae-4a2e-9625-d80e2372c949,yolanda murdiana,https://play-lh.googleusercontent.com/a-/ALV-UjUWPtgNTrvXy2zEpYYodXnfr_xcbJkBxOqyde75djpbNV7wSwA9,"sudah seminggu lebih tidak bisa melakukan transaksi apapun hanya bisa liat saldo aja, setiap transaksi selalu di suruh pengaturan waktu otomatis padahal pengaturannya sudah otomatis",3,0,3.2.0,2026-02-02 19:05:15,"Halo Sahabat @yolanda murdiana, mohon maaf atas ketidaknyamanannya. Perihal kendala pada layanan Livin' by Mandiri Sahabat dapat mengirimkan email ke mandiricare@bankmandiri.co.id atau dapat menghubungi layanan mandiri call 14000 agar dapat dilakukan pengecekan. Tks ~ Said",2026-02-02 19:07:21,3.2.0
0b1b1c18-7e22-4f45-844d-2c6ba3dd509e,RIZKY KIKY,https://play-lh.googleusercontent.com/a-/ALV-UjUiq0TjEhjFLnkVaKoYgF6tvJUIaGPP5MAyF_Ov17ni82QxA24m,"Aplikasi perbankan paling lengkap! Mulai dari transfer, bayar QRIS, sampai investasi dan beli tiket pesawat semua bisa di satu aplikasi. Benar-benar memudahkan hidup, nggak perlu instal banyak aplikasi lain",5,1,3.2.0,2026-02-05 19:15:39,"Halo Sahabat @rizky kiky, terima kasih atas review yang telah diberikan. Semoga dapat terus menikmati kemudahan dan kenyamanan dalam menggunakan Livin' by Mandiri ya. Daftarkan transaksi secepat kilat pada menu Quick Pick untuk diakses pada halaman Login atau Beranda. Yuk coba sekarang. Tks~Carlos",2026-02-05 19:18:31,3.2.0
736cae14-55ff-4f04-a9db-0a8b98e338cc,Y-One Dhizee,https://play-lh.googleusercontent.com/a-/ALV-UjUUBmo9-eYjDYqiQvaLKOAf59M3esVz2JZMNt1yLSYoXfAgskE,"reset sandi yg lupa susah banget, sudah di coba berkali kali dan berbeda hari tetap tidak bisa, sementara kantor cabang terdekat jauh, uang biaya admin kita tetap di potong tiap bulan, tapi pelayanan minus baik by aplikasi atau pelayana offline",1,0,3.2.0,2026-02-23 09:36:57,"Halo Sahabat @Y-One Dhizee, mohon maaf atas ketidaknyamanannya. Terkait kendala Sahabat mohon untuk dapat mengirimkan email ke mandiricare@bankmandiri.co.id atau dapat menghubungi Mandiri Call 14000 lalu tekan 2 agar dapat dilakukan pengecekan. Tks~Nilam",2026-02-23 09:39:01,3.2.0
4cac8d93-6a14-4312-b586-ec85f15e1942,TRIO ILLAHIRUSDI,https://play-lh.googleusercontent.com/a-/ALV-UjVbrM93V0ncLdCx7-zVd2eKwrazJxWcU1GR2BegXhU_DE-wVWw,"livin bermasalah, saya sudah menghubungi 14000 teta juga masalah nya tidak bisa di atasi. saya sangat kecewa. tidak bisa transaksi apapun, malah disuruh periksa tanggal & waktu ponsel saya saya kecewa besar dengan Livin by mandiri",1,1,3.2.0,2026-02-15 09:43:27,"Hai Sahabat @TRIO ILLAHIRUSDI, mohon maaf atas ketidaknyamanannya. Terkait kendala Sahabat mohon untuk dapat mengirimkan email ke mandiricare@bankmandiri.co.id atau dapat menghubungi Mandiri Call 14000 lalu tekan 2 agar dapat dilakukan pengecekan. Tks~Kila",2026-02-15 10:06:29,3.2.0
c0e540d4-f9fe-40d7-836f-6ffebc6ae4f7,Zikri Bintang,https://play-lh.googleusercontent.com/a-/ALV-UjW_I_GimbcjHLvmGmeNx9BO6pQp8W4wzGrAW6o3_3R_Jq21vzxmCQ,"Jadi ceritanya saya bayar makanan pake kartu debit mandiri di merchant bni, dari kasirnya info kalo dana ga masuk dan merchant error, di ganti pake merchant bca, di bca berhasil. Tapi di rekening mandiri saya dua²nya berhasil dan uang saya kepotong 400k. udah berkali-kali laporan by email dan WhatsApp tetep aja ga di follow up. dan ini udah sebulan ga ada kejelasan bener-bener ga bertanggung jawab",1,0,3.2.0,2026-02-19 10:52:33,"Halo Sahabat @Zikri Bintang, mohon maaf atas ketidaknyamanannya. Terkait kendala Sahabat mohon untuk dapat mengirimkan email ke mandiricare@bankmandiri.co.id atau dapat menghubungi Mandiri Call 14000 lalu tekan 2 agar dapat dilakukan pengecekan. Tks~Momo",2026-02-19 10:53:37,3.2.0
cf13712c-8ffb-4c87-b82c-543b736af226,Yanah Mardianah,https://play-lh.googleusercontent.com/a-/ALV-UjXX1Z1gNreqq5c9KWDF1AMbvUcQzoE6uNVDPhuExfcArF6Cvvo,"Kecewa , nungguin kartu debit dari tgl 31 Januari sampe skrg belum nyampe juga . setelah di cek di aplikasi ternyata katanya kartu debit saya sudah diterima oleh yg bersangkutan. Faktanya sampai saat ini saya masih nungguin kartu debit saya belum diterima",1,1,3.2.0,2026-02-15 11:39:12,"Halo Sahabat @Yanah Mardianah, mohon maaf atas ketidaknyamanannya. Terkait kendala Sahabat mohon untuk dapat mengirimkan email ke mandiricare@bankmandiri.co.id atau menghubungi Mandiri Call 14000 lalu tekan 2 agar dapat dilakukan pengecekan. Tks~Cira",2026-02-15 12:04:26,3.2.0
08785fe8-f53c-4051-9e9d-b61c8d3e5a12,Robbie Robi,https://play-lh.googleusercontent.com/a-/ALV-UjUmox6jGhwEaufO9pZ0m08YOfCu-wK2AIKN0rEVWlSBCtUYbKw,"mohon maaf kenapa kalo ngirim kedana gak bisa di pencet tombol lanjutnya, udah hampir sebulan dan belum berubah. biasa nya saya mudah dan lancar kalo mau ngirim ke dana. mohon perbaiki jika sudah rating akan saya beri 5",1,0,3.2.0,2026-02-06 14:39:20,"Halo Sahabat @Robbie Robi, mohon maaf atas ketidaknyamanannya. Terkait kendala Sahabat mohon untuk dapat mengirimkan email ke mandiricare@bankmandiri.co.id atau dapat menghubungi Mandiri Call 14000 lalu tekan 2 agar dapat dilakukan pengecekan. Tks~Amar",2026-02-06 14:43:19,3.2.0
ef04867d-3669-42f1-a609-f74732666956,Vivaldi Malmsteen,https://play-lh.googleusercontent.com/a/ACg8ocKhPIFYqze4w0IQtqPFdwTWjekaqKEfzKfDLBei0oP-D8ke7A=mo,"Aplikasi koplok, mw top up Dana ribetnya minta ampun pdhl akun Dana nya udh terkait tp masih aja muncul notif klo transaksi ga bisa dilanjutkan,nomor tidak ditemukan, disuruh ngecek ulang.. Gimana ga koplok nie aplikasi org udh jelas2 itu nmr akun nya..",1,42,3.2.0,2026-02-02 22:44:57,"Halo Sahabat @Vivaldi Malmsteen, mohon maaf atas ketidaknyamanannya. Terkait kendala transaksi Sahabat mohon untuk dapat mengirimkan email ke mandiricare@bankmandiri.co.id atau dapat menghubungi mandiri call 14000 agar dapat dilakukan pengecekan. Tks ~ Said",2026-02-02 23:53:51,3.2.0
d04b6266-1039-423d-ab4f-2e06b4c5bff7,Ahmad zahri ulhaq,https://play-lh.googleusercontent.com/a-/ALV-UjWiM00ADAbQUWtel1ByEPoX85Tq8rAHflnLZdpylLXs23SKXt13,"katanya bisa buka rekening online via aplikasi Livin' by Mandiri, ternyata tidak bisa, harus daftar lagi pakai kartu debit mandiri. dicoba berkali kali tetap tidak bisa. sangat mengecewakan bank sekelas Mandiri punya aplikasi seperti ini",1,2,3.2.0,2026-01-29 15:31:26,"Hai Sahabat @Ahmad zahri ulhaq, mohon maaf atas ketidaknyamanannya. Terkait kendala Sahabat mohon untuk dapat mengirimkan email ke mandiricare@bankmandiri.co.id atau menghubungi Mandiri Call 14000 lalu tekan 2 agar dapat dilakukan pengecekan. Tks~Divia",2026-01-29 15:35:04,3.2.0
2f26e644-c63f-461f-8949-92d78a086a84,chavez andreas,https://play-lh.googleusercontent.com/a-/ALV-UjVit3tKs-_vJGd-dZPmUYOnPZcfYzXg5uphbc7O1BDCrNxjF-G6aA,"Tidak bisa di instal padahal hp saya versi android terbaru kenapa fitur tidak mendukung sedangkan hp lama saya versi dibawah nya masih bisa menginstal, aplikasi aneh sangat tidak masuk akal untuk bank sebesar mandiri",1,0,3.2.0,2026-02-05 06:48:03,"Halo Sahabat @chavez andreas, mohon maaf atas ketidaknyamanannya. Terkait kendala Sahabat mohon untuk dapat mengirimkan email ke mandiricare@bankmandiri.co.id atau menghubungi Mandiri Call 14000 lalu tekan 2 agar dapat dilakukan pengecekan. Tks~Cira
",2026-02-05 07:01:53,3.2.0
b9ea3361-ade9-41bd-ae91-734e8c0de240,Aryo Kelana,https://play-lh.googleusercontent.com/a-/ALV-UjVLeO0JWIfHRKYb0nKWD1ngmBn2LE4ULm-P0DeyMvGkaWAvPLU,"sudah 3 hari ini kenapa tidak bisa log in ketika klik aplikasi mau log in tiba tiba log out sendiri, memori hp aman bahkan apk Livin sudah tak hapus data dan donlod lagi tetep aja tidak bisa log in gagal trs pas masukin data no kartu dan ttl. tdi siang ke kantor mandiri cabang Cikarang selatan ruko cct,katanya yg bermasalah hp saya karna memori penuh dll tapi aman ho saya memory tidak penuh . sampai sekarang baru cb tak tak hapus apk'nya terus donlod lagi tetep aja masih blum bisa log in",1,0,3.2.0,2026-02-23 17:06:06,"Halo Sahabat @Aryo Kelana, mohon maaf atas ketidaknyamannya. Perihal kendala pada layanan Livin' by Mandiri, mohon untuk dapat mengirimkan email ke mandiricare@bankmandiri.co.id atau dapat menghubungi layanan mandiri 14000 agar dapat dilakukan pengecekan. Tks~Kale",2026-02-23 17:09:02,3.2.0
3e02c28e-a642-4bb3-8290-4ba669783967,Widya Ningrum,https://play-lh.googleusercontent.com/a/ACg8ocJ5cSZB5RsY7ak22rV4LWdAgmnZt11u8JdXXmO036LFiFmH0w=mo,"mandiri nggak bisa dipercaya si, katanya pakai Livin lebih mudah dan aman, aku tarik tunai tanpa kartu pakainya token di ATM yang di nglorok, notif di livin pun transaksi tidak berhasil uang nya pun memang tidak keluar tapi saldo berkurang,udah kirim email setelah seminggu jawabannya ngeyel kalo transaksi berhasil, misal berhasil kan harusnya ada notif di livin kalo transaksi token berhasil😂 shodaqoh sejuta bulan puasa tapi terpaksa deh",1,0,3.2.0,2026-02-20 07:43:36,"Halo Sahabat @Widya Ningrum, mohon maaf atas ketidaknyamanannya. Terkait kendala Sahabat mohon untuk dapat mengirimkan email ke mandiricare@bankmandiri.co.id atau menghubungi Mandiri Call 14000 lalu tekan 2 agar dapat dilakukan pengecekan. Tks~Cira",2026-02-20 07:46:41,3.2.0
e5523707-6e80-40c6-b5a7-d0b217b9e75a,Solihin,https://play-lh.googleusercontent.com/a/ACg8ocLSgCJ0x1HOb-HqwBawFCKPnq6E99qtjCF6MSClJKIN_hZqdw=mo,"password salah setelah 3 kali salah. kemudian suruh bikin ulang, lah pas bikin ulang pdhl udh pake password yang beda-beda malah diulang ulang terus proses nya, ngga bisa terproses perbaiki sistem lu nihh",1,0,3.2.0,2026-02-15 07:15:20,"Halo Sahabat @Solihin, mohon maaf atas ketidaknyamanannya. Terkait kendala Sahabat mohon untuk dapat mengirimkan email ke mandiricare@bankmandiri.co.id atau menghubungi Mandiri Call 14000 lalu tekan 2 agar dapat dilakukan pengecekan. Tks~Danti",2026-02-15 07:17:58,3.2.0
e14d3d70-c868-4afd-a12a-ff21d0c392c1,Tommy Hasda,https://play-lh.googleusercontent.com/a/ACg8ocL-qj0RjNFwjo2l6a2PKsmB7PakHbdKoxCrjDwC6scuVgFk8w=mo,setiap transfer atau top up selalu tidak bisa dan muncul pengaturan waktu dan tanggal... padahal waktu dan tanggal sudah sesuai... jadi setiap mau transfer harus mati dan hidup kan HP dulu (restart),1,1,3.2.0,2026-01-31 01:28:26,"Halo Sahabat @Tommy Hasda, mohon maaf atas ketidaknyamanannya. Terkait kendala pengaturan waktu Livin' by Mandiri, mohon mengirimkan pesan email ke mandiricare@bankmandiri.co.id atau dapat menghubungi Mandiri Call 14000 lalu tekan 2 agar dapat dilakukan pengecekan. Tks~Romi",2026-01-31 01:49:49,3.2.0
a1b931c5-0d79-47e6-ac40-4da16e5bbc78,Anna Firnanda Fajriyani,https://play-lh.googleusercontent.com/a/ACg8ocKqndnhcRIcIpeNUj2GiL-ydb9QgooY5DmsYUjyLpJgSTuVbg=mo,"kak livin punyaku udh 3 hari ini gabisa login pake wifi, tulisan nya belum terhubung. tapi kalo pake data seluler bisa, kira kira kenapa yahh?? padhal udh di uninstal 2 kali tetp gabisa",3,1,3.2.0,2026-01-29 18:47:53,"Halo Sahabat @Anna Firnanda Fajriyani, mohon maaf atas ketidaknyamanannya. Perihal kendala pada layanan Livin' by Mandiri Sahabat dapat mengirimkan email ke mandiricare@bankmandiri.co.id atau dapat menghubungi layanan mandiri call 14000 agar dapat dilakukan pengecekan. Tks ~ Said",2026-01-29 18:53:25,3.2.0
7c1a5dfd-0543-4573-90dd-4769c8a3616d,Efri Yonsi,https://play-lh.googleusercontent.com/a/ACg8ocJiF7jckqirnjq1_CXs0UUDuHMTPOsNNSOL5h0gIHNXZzS9urg=mo,"Aplikasi parah setelah di uninstal mau login lagi ga bisa dengan alasan layanan sementara sedang di perbaiki terus ini gimana login nya udah di sana semua, ini bank lokal atau apa sih fitur banyak ga berfungsi",1,2,3.2.0,2026-02-11 20:07:12,"Halo Sahabat @Efri Yonsi, mohon maaf atas ketidaknyamanannya. Perihal kendala pada layanan Livin' by Mandiri Sahabat dapat mengirimkan email ke mandiricare@bankmandiri.co.id atau dapat menghubungi layanan mandiri call 14000 agar dapat dilakukan pengecekan. Tks ~ Said",2026-02-11 20:15:20,3.2.0
702c31cd-c68d-4fdf-808a-b8a4ef69d6a7,Devino Setyawan,https://play-lh.googleusercontent.com/a/ACg8ocJO5vp8Vh-gnqu5wNNCtiZm53C0bJUhdYzTmHLIdUrTJf9lSw=mo,"Pihak livin by mandiri, tolonglah fasilitasi fitur2 yang ada di livin by mandiri, untuk yang pakai kartu debit simpanan pelajar pliss, saya tidak bisa pakai fitur APAPUN, di livin mandiri, percuma saya login livin by mandiri, kalau fiturnya tidak bisa dipakai, Qris gak bisa, transfer gak bisa, semua aja gak bisa, Tolonglah, memang untuk yang pakai simpanan pelajar masih dibawah umur, tapi tolonglah, segera diberikan fitur2 yang ada di livin by mandiri,untuk yang login menggunakan simpananpelajar",1,1,3.2.0,2026-02-03 20:39:34,"Halo Sahabat @Devino Setyawan, mohon maaf atas ketidaknyamanannya. Terimakasih atas saran dan masukan yang diberikan, perihal tsb akan menjadi masukan bagi kami untuk pengembangan aplikasi kedepannya dan meningkatkan kualitas layanan Livin' by Mandiri. Tks~Abrar",2026-02-03 20:43:00,3.2.0
f959fa0d-732d-451e-965b-7e77d4b248e8,Donifa Ustadz,https://play-lh.googleusercontent.com/a-/ALV-UjUefqhEtO1hSSA_xKj-rjnBP6O1OxRLrRCfLulOCXsjV3SXjONG,"kenapa setelah salah sandi 3 kali tidak bisa daftar lagi, ada tulisan kartu tidak dapat digunakan untuk proses ini, padahal seblmnya mudah bahkan ketika ganti HP",5,3,3.2.0,2026-01-31 09:12:07,"Hai Sahabat @Donifa Ustadz, mohon maaf atas ketidaknyamanannya. Terkait kendala Sahabat mohon untuk dapat mengirimkan email ke mandiricare@bankmandiri.co.id atau dapat menghubungi Mandiri Call 14000 lalu tekan 2 agar dapat dilakukan pengecekan. Tks~Kila",2026-01-31 09:15:16,3.2.0
6cf790a0-b0b2-4cc5-a1ca-3e1b008ca458,IQBAL PRASETYO,https://play-lh.googleusercontent.com/a-/ALV-UjXr9bfMocxhUnf03gAVzRJwjp_nqje5D_tfZ2rcIH7_FRHyVVXA,"kalo payroll gapake livin gabakal pake livin , udah ga 24 jam ( mau transaksi atau sekedar bayar pake QRIS jam 11 keatas udah gabisa ) ,top up ke e wallet di kenakan biaya transaksi ( walaupun Rp.500 juga ga ikhlas ),padahal bank yang lain gratis ,ada lagi baru aja bayar tagihan dikenain biaya administrasi padahal bank lain gaada yang ngenain biaya transaksi ini ,kalau bisa kasih bintang minus pasti udah bintang minus nih aplikasi",1,14,3.2.0,2026-02-14 14:01:35,"Halo Sahabat @IQBAL PRASETYO, mohon maaf atas ketidaknyamanannya. Terkait kendala Sahabat mohon untuk dapat mengirimkan email ke mandiricare@bankmandiri.co.id atau menghubungi Mandiri Call 14000 lalu tekan 2 agar dapat dilakukan pengecekan. Tks~Vika",2026-02-14 14:27:25,3.2.0
f848f41e-ed8c-4f3b-ae4b-af88d5ae122a,Widya Srikandi,https://play-lh.googleusercontent.com/a/ACg8ocKEp2F1HZpbKprjKPK7Fkz4LnieIgShoTImkibMZolhvtZaTA=mo,"kenapa yaa Livin akhir"" ini setiap d bukaa trus gak bisa kek langsung keluar lagii , sampe d tunggu Berjam jam punn masih tetep sama alhasil d hapus trus di instal lagii , kadang ngelakuin verifikasi lagi dari nol dan ujung"" di suruh ke teller , kek mengganggu waktuu yg lagi kerja. pliss lahh lagi enak enakk nya jgan selalu ganguan kalau pun gangguan ya jgan dibikin ribet harus ke bank lagii huhh",2,0,3.2.0,2026-02-14 10:03:38,"Halo Sahabat @Widya Srikandi, mohon maaf atas ketidaknyamanannya. Terkait kendala Sahabat mohon untuk dapat mengirimkan email ke mandiricare@bankmandiri.co.id atau menghubungi Mandiri Call 14000 lalu tekan 2 agar dapat dilakukan pengecekan. Tks~Danti",2026-02-14 10:08:00,3.2.0
77661d6b-3ecf-4778-a878-c2d6dd8a3214,Adelia Putri,https://play-lh.googleusercontent.com/a/ACg8ocKG7-I62i1114Sd1VXqWP68NguXOmzWV263169UC-0cpipDbUHh=mo,"solusinya dong min, aku ada 2 rekening di 1 Livin. sumber dana awalnya di rekening pertama, udah aku setting berulang kali aku ganti sumber dana jd dr rekening kedua, tapi tiap mau transaksi tnp harus login malah jd dr rekening pertama, otomatis sumber danany dr rekening pertama,pdhl di settinganny Uda diubah ke rekening kedua,JD ribet. padahal kadang mau bayar qris langsung tnp login , gegara ini JD ribet.",3,1,3.2.0,2026-02-12 00:09:51,"Hi Sahabat @Adelia putri, mohon maaf atas ketidaknyamanannya. Terkait kendala Sahabat mohon untuk dapat mengirimkan email ke mandiricare@bankmandiri.co.id atau dapat menghubungi mandiri call 14000 agar dapat dilakukan pengecekan. Tks~Mandala",2026-02-12 00:12:37,3.2.0
fb4378cf-7777-4f6e-bd9d-3d3c622b89d2,bergowo ibrahim,https://play-lh.googleusercontent.com/a-/ALV-UjWQ5tcjtnozkISV3h7_Qi3K3r5HL2JAmdIl24BKXh1h9gQ7w18,"sandi dan pin sudah dicatat, tapi waktu transfer pasti salah sandi/pin terus, pada hal udah sesuai dengan catatan. udah 2× kayak gini. sumpah paling ini apk paling ribet dari yg lain atau saya doang yang nga lamin ini...?",1,0,3.2.0,2026-02-13 18:37:56,"Halo Sahabat @bergowo ibrahim, mohon maaf atas ketidaknyamanannya. Perihal kendala pada layanan Livin' by Mandiri Sahabat dapat mengirimkan email ke mandiricare@bankmandiri.co.id atau dapat menghubungi layanan mandiri call 14000 agar dapat dilakukan pengecekan. Tks ~ Said",2026-02-13 18:44:22,3.2.0
c32ef1e9-7239-4cbe-be1e-64a456bd143f,Audina Putri,https://play-lh.googleusercontent.com/a-/ALV-UjUD_eQnm8hpJVKsFzKWrzoqt1RIP4Akg2VZGWTntgLleCRapy2RGg,"Terima kasih untuk pelayanan yang sat set, ada kendala setor tunai gak masuk, kirim email sama tlp cs,bilangnya 7hari kerja, maksimal sampe 14hari kerja,tapi baru 1 hari udah masuk.Semoga kedepannya pelayanan tetep bagus",5,1,3.2.0,2026-02-11 14:58:09,"Halo Sahabat @Audina Putri, terima kasih atas review yang telah diberikan. Semoga terus menikmati kemudahan dan kenyamanan dalam menggunakan Livin' by Mandiri ya. Daftarkan transaksi secepat kilat pada menu Quick Pick untuk diakses pada halaman Login atau Beranda. Yuk coba sekarang. Tks~Kila",2026-02-11 15:00:04,3.2.0
fb684b87-b8bf-40c0-a10a-a80481d1ff92,Dede Uwan,https://play-lh.googleusercontent.com/a-/ALV-UjUZuthaNBLQ21-ct3EXqfTlTFvFF78gps_hk07UoOOtpwPnz54,"Kenapa metode login nya ganti ? Gua ganti hp yg dulu hilang. Dulu email / no hp, Sekarang jadi kartu debit/kredit. Masalah nya Kartu gua belum bikin. Sekarang ga bisa login.",1,2,3.2.0,2026-02-18 00:25:50,"Halo Sahabat @Dede Uwan, mohon maaf atas ketidaknyamanannya. Terkait kendala Sahabat mohon untuk dapat mengirimkan email ke mandiricare@bankmandiri.co.id atau dapat menghubungi Mandiri Call 14000 lalu tekan 2 agar dapat dilakukan pengecekan. Tks~Gala",2026-02-18 01:35:46,3.2.0
ab607ef3-a500-4046-bee1-0137b7f6d738,nihao,https://play-lh.googleusercontent.com/a/ACg8ocJVNtwxord3r2IotTemjETnIlyKMlerXlO5uvOhK65n0vOH2g=mo,"sering banget gangguan, hampir tiap hari gangguan mulu. ayolah diperbaiki. hubungi cs juga lama banget responnya dah tuh gitu-gitu aja template jawabannya. nyebelin banget dah kalo gangguan mulu gini.",1,0,3.2.0,2026-02-20 18:42:20,"Hi Sahabat @nihao, mohon maaf atas ketidaknyamanannya. Terimakasih atas saran dan masukan yang diberikan, perihal tsb akan menjadi masukan bagi kami untuk pengembangan aplikasi kedepannya dan meningkatkan kualitas layanan Livin' by Mandiri. Tks~Mandala",2026-02-20 18:55:11,3.2.0
d728703a-8ee0-421a-868a-7fffbbd4a887,Jamal Udin,https://play-lh.googleusercontent.com/a/ACg8ocK3awMtKaMQro8VxxnCG--HnCLvCmCJhKushmfP4ND3GRT2LQ=mo,min... minta tolong... saya bikin rekening baru tanggal 18 Januari 2026 pake aplikasi ini pake hp lama dan seminggu kemudian rusak. Ganti hp baru kok ga bisa login ya? Tulisannya bikin rekening terus. solusinya gimana?,3,1,3.2.0,2026-01-31 07:19:08,"Hai Sahabat @Jamal Udin, mohon maaf atas ketidaknyamanannya. Terkait kendala Sahabat mohon untuk dapat mengirimkan email ke mandiricare@bankmandiri.co.id atau dapat menghubungi Mandiri Call 14000 lalu tekan 2 agar dapat dilakukan pengecekan. Tks~Kila",2026-01-31 07:38:15,3.2.0
314e1251-7765-4775-ab3f-a06abe40edd0,Ardian gamers,https://play-lh.googleusercontent.com/a-/ALV-UjWlYjwPEOeTF1lVjcreK1BVOpfN97jRMgkAtSm6oMl7PezI0j0l,kenapa saat tf tidak bisa dan disuruh lihat pengaturan jam otomatis di hp padahal pengaturan jam sudah otomatis dan itu selalu sering terjadi dan sangat mengganggu saatau tf.,1,0,3.2.0,2026-02-16 23:57:30,"Hai Sahabat @Ardian gamers, mohon maaf atas ketidaknyamanannya. Utk pengecekan lebih lanjut atas kendala yg dialami, kami persilakan mengirimkan pesan melalui layanan email kami di mandiricare@bankmandiri.co.id atau mandiri call 14000 ya. Tks~Tommy",2026-02-17 00:03:15,3.2.0
73d3725b-95b5-4c7c-9a96-f5d48c152e90,Erwandi Fiki,https://play-lh.googleusercontent.com/a-/ALV-UjWUfJ0AZGxVAf3IWOGaAyzWE70JjKQyqhIGl1b6JyAvrg1ites,"Saldo dibawah minimum, tiba2 atm di blokir.. ada transferan masuk mau ambil duit disuruh tunggu 1x24 jam.. mau login livin juga diarahin ke atm csm buka blokir.. pas ke atm csm malah ga bisa buka blokir.. telpon 14000 ngabisin pulsa gak ada tindak lanjut taii",1,1,3.2.0,2026-02-14 16:41:18,"Halo Sahabat @Erwandi Fiki, mohon maaf atas ketidaknyamanannya. Terkait kendala Sahabat mohon untuk dapat mengirimkan email ke mandiricare@bankmandiri.co.id atau menghubungi Mandiri Call 14000 lalu tekan 2 agar dapat dilakukan pengecekan. Tks~Cira

",2026-02-14 16:43:01,3.2.0
70965044-348d-45b6-8edf-0ba491d9985f,deku theater,https://play-lh.googleusercontent.com/a-/ALV-UjWpUjmzL-ur-8TnT4UG0Iv-n7AclM9i6c8rJdnKODKk1kkc04HK,"masih parah aja, tiap malem gangguan Mulu, sedangkan transaksi kan ga selalu siang, kadang tengah malam pun bertransaksi, tapi masih saja sering gangguan, masih aja sering eror, belum ada perubahan dari tahun ke tahun",1,0,3.2.0,2026-02-11 00:35:29,"Hai Sahabat @deku theater, mohon maaf atas ketidaknyamanannya. Utk pengecekan lebih lanjut atas kendala yg dialami, kami persilakan mengirimkan pesan melalui layanan email kami di mandiricare@bankmandiri.co.id atau mandiri call 14000 ya. Tks~Tommy",2026-02-11 00:41:33,3.2.0
e61f7b2f-bfd8-419b-9db9-74e9c1bad71f,Jack Ko,https://play-lh.googleusercontent.com/a/ACg8ocJTWdmfj3LaRUUt28BCc72Za2QuXNgbGYXm28Sv17Quu9IdMg=mo,mau foto KTP udah suka ngeblur sendiri pas udah jelas malah gabisa karena data gak sesuai masa KTP baru buat gak sesuai aneh tolong dong di perbaiki saya udah nyoba ratusan kali buat bikin mandiri mobile gabisa bisa,1,0,3.2.0,2026-02-20 04:10:43,"Halo Sahabat @Jack Ko, mohon maaf atas ketidaknyamanannya. Terkait kendala Sahabat mohon untuk dapat mengirimkan email ke mandiricare@bankmandiri.co.id atau dapat menghubungi mandiri call 14000 agar dapat dilakukan pengecekan. Tks~Jojo",2026-02-20 04:12:36,3.2.0
a723382a-7b87-4557-ad2f-80284079c087,Helmy Irawan,https://play-lh.googleusercontent.com/a-/ALV-UjVh54l4eFQBMvfEj3W7cSWCvxdEuHEVe4xpAma_ghFGxpd4KfMt,Alhamdulillah 🤲 nomor lama sudah tidak aktif. Sekarang sudah ganti yang baru. Hanya saja sekarang untuk NPWP sudah diganti yg baru sesuai 16 digit. Itupun diambil dari NIK e-KTP. Sudah di daftarkan di Kantor Pajak Sleman Yogyakarta. Akan tetapi di aplikasi Livin tidak bisa ya?,4,1,3.2.0,2026-02-13 18:50:37,"Halo Sahabat @Helmy Irawan, mohon maaf atas ketidaknyamanannya. Apabila terdapat kendala agar dapat kami tindaklanjuti, Sahabat dapat mengirimkan email ke mandiricare@bankmandiri.co.id atau menghubungi layanan mandiri call 14000 ya. Tks~Carlos",2026-02-13 18:53:53,3.2.0
36caee88-345c-40e4-9909-34b392c291ad,Putri Pramita Turnip,https://play-lh.googleusercontent.com/a-/ALV-UjXPWdfMUoGlDnlm6TioSiMHb4zUlzDQ-I0irPY8ULlHZajGMeef,saya beberapa kali sering menemukan hal seperti ini di livin /m.banking mandiri ini. pin ditekan sekali malah terklik double. sampai terblokir. tolong yaa aplikasinya diperbaiki lagi.,1,1,3.2.0,2026-02-01 07:33:01,"Halo Sahabat @Putri Pramita Turnip, mohon maaf atas ketidaknyamanannya. Terkait kendala Sahabat mohon untuk dapat mengirimkan email ke mandiricare@bankmandiri.co.id atau dapat menghubungi Mandiri Call 14000 lalu tekan 2 agar dapat dilakukan pengecekan. Tks~Momo",2026-02-01 07:35:30,3.2.0
6bc61809-5780-456b-83fa-fdc78a9b5718,leni yunita,https://play-lh.googleusercontent.com/a/ACg8ocIDCc0MIZozweGL58FBeLveZAXP20tuaf4sf06GDxRNChH1oA=mo,"Dari tadi mau login gak bisa-bisa. Muncul tulisan : ""Livin by Mandiri"" gagal dimulai beberapa kali. Pulihkan dengan mengosongkan riwayatnya? ini gimana solusi nya, lihat aplikasi nya di playstore belum waktuny untuk update, tolong petunjuk nya",2,17,3.2.0,2026-01-25 19:52:17,"Hai Sahabat @leni yunita, mohon maaf atas ketidaknyamanannya. Terkait kendala Sahabat mohon untuk dapat mengirimkan email ke mandiricare@bankmandiri.co.id atau menghubungi Mandiri Call 14000 lalu tekan 2 agar dapat dilakukan pengecekan. Tks~Divia",2026-01-25 20:01:12,3.2.0
2d896394-c56f-44fb-8449-466825f2a864,radot manalu,https://play-lh.googleusercontent.com/a/ACg8ocL1W6UO2nKBMLT4y5fNH-aBObuf5XD6RKpHrQp3mO-WbVbBgw=mo,lama lama aplikasi ini semakin tak berguna....setiap mau kirim uang tengah malam selalu tak bisa...ganti sepertinya aq harus ganti Bank lain..mandiri ini udah mulai bikin saya kesal......,1,1,3.2.0,2026-01-30 01:37:51,"Hai Sahabat @radot manalu, mohon maaf atas ketidaknyamanannya. Utk pengecekan lebih lanjut atas kendala yg dialami, kami persilakan mengirimkan pesan melalui layanan email kami di mandiricare@bankmandiri.co.id atau mandiri call 14000 ya. Tks~Tommy
",2026-01-30 02:00:43,3.2.0
556d6cc5-c5ee-455f-8810-0212bed977be,Tirta Adijayaa,https://play-lh.googleusercontent.com/a/ACg8ocIhF0klzPsctnSzRN3tkpTDel5j0LDFOy1y4Rk-313E2vJyng=mo,saya pengguna baru dan apk ini gam recomended karna tiba tiba bug log out membuat saya kesulitan untuj login kembali karena saya belum memiliki no kartu hanya memiliki no rekening dan saldo saya jadi tertahan,1,1,3.2.0,2026-02-21 02:37:32,"Hai Sahabat @Tirta Adijayaa, mohon maaf atas ketidaknyamanannya. Utk pengecekan lebih lanjut atas kendala yg dialami, kami persilakan mengirimkan pesan melalui layanan email kami di mandiricare@bankmandiri.co.id atau mandiri call 14000 ya. Tks~Tommy",2026-02-21 02:42:21,3.2.0
1dbd70c0-aa72-413e-ad30-50a308790eaf,Juragan Anom,https://play-lh.googleusercontent.com/a/ACg8ocLAWN1algtwjrWmgPsknJ3wX9GKOBNfXzFHBnd7UgqxcFHUHck=mo,"setiap bulan ada biaya administrasi potongan otomatis, tapi beda beda dan selalu berbeda. harga potongan nya pun tidak sama, biaya adm biaya lainya biaya TF biaya adm rekening biaya saldo minimum. kenapa itu setiap bulan selalu berbeda, ???! Total 20rb bulan Januari 2026 terpotong biaya, ada biaya administrasi biaya minimum saldo juga biaya yang lain juga. tambah gak jelas.",2,3,3.2.0,2026-02-01 11:59:19,"Halo Sahabat @Juragan Anom, mohon maaf atas ketidaknyamanannya. Terkait kendala biaya administrasi tsb mohon untuk dapat mengirimkan email ke mandiricare@bankmandiri.co.id atau dapat menghubungi mandiri call 14000 agar dapat dilakukan pengecekan. Tks~Cira

",2025-10-11 06:11:27,3.2.0
d70b40fa-7fc7-4e28-89fa-c4fff1f42386,Lucky,https://play-lh.googleusercontent.com/a/ACg8ocIExAdgo-SSZNrMbqn4aEgsKojjOHIE1e_89MnaQHLRCxoLgg=mo,"aplikasi ini parah sekali masa saya sudah masuk data diri lengkap saya terus kemudian saya mau login lagi sudah tidak bisa lagi, alasannya gangguan dan lain sebagainya 🥹 tolong untuk jangan terlalu banyak aturan nya please 🥹🙏",2,2,3.2.0,2026-02-01 03:20:10,"Hi Sahabat @Lucky, mohon maaf atas ketidaknyamanannya. Terkait kendala Sahabat mohon untuk dapat mengirimkan email ke mandiricare@bankmandiri.co.id atau dapat menghubungi mandiri call 14000 agar dapat dilakukan pengecekan. Tks~Mandala",2026-02-01 03:25:44,3.2.0
8c93c9c5-30f7-484a-b585-1c6d75e410d9,dedi setiawan,https://play-lh.googleusercontent.com/a-/ALV-UjWmur0tsnwBidBalifzikZFhLCdg4xY90cB044qUsBg1rBJqD0u,terlalu sering banget pemeliharaan ketika lagi urgent untuk transaksi TF jadi pending nunggu selesai pemeliharaan... ini sudah bagus cuma jangan terlalu sering juga pemeliharaan jadi delay untuk melakukan transaksi,3,2,3.2.0,2026-01-30 23:57:26,"Halo Sahabat @dedi setiawan, mohon maaf atas ketidaknyamanannya dalam mengakses Livin' by Mandiri, saat ini Bank Mandiri sedang proses akhir hari rutin. Kami sarankan Sahabat dapat mencobanya secara berkala. Apabila ada kendala, mohon mengirimkan pesan email ke mandiricare@bankmandiri.co.id atau dapat menghubungi Mandiri Call 14000. Tks~Romi",2026-01-30 23:59:04,3.2.0
c866dc96-3135-4b19-91ed-27c793963f63,Juve Juventus,https://play-lh.googleusercontent.com/a-/ALV-UjVYJV-x13Q-KUMcuYK5fQKk0RRioL12yt0kgDPuU4dS2vQdo7RU,Baru buka rekening ..lewat livin ..top up untuk aktifasi ..habis itu akun Livin kluar sendiri ( log out ) bagaimna untuk login nya kembali ..sedangkan blm punya nomor kartu. mohon pencerahannya,5,2,3.2.0,2026-02-01 10:28:13,"Halo Sahabat @Juve Juventus, mohon maaf atas ketidaknyamanannya. Terkait kendala Sahabat mohon untuk dapat mengirimkan email ke mandiricare@bankmandiri.co.id atau dapat menghubungi Mandiri Call 14000 lalu tekan 2 agar dapat dilakukan pengecekan. Tks~Momo",2026-02-01 10:32:16,3.2.0
0219fd76-5a7f-4631-b76f-8181171a9cb9,herliani,https://play-lh.googleusercontent.com/a-/ALV-UjWhyPxMcRGHDN-q0MWfNLovzZ2MvhmoVmMphnpBlKHRFo-LYYM,tolong kasih tau kenapa bulan ini saldo untuk pembayaran kartu debit 2 kali?? bahkan ada potongan yang harusnya ga bayar tapi di tagih seribu seribu taip transaksi padahal udah ada tulisanya minimal segini ga ada biaya transaksinya!!! bulan ini saya di potong 2 kali berturut turut! belum besok tanggal 1 pasti di tagih lagi aneh banget tahun kemaren rekening bapa sya yang tiap bulan hilang 50 ribu lebih bahkan pernah sampai 80 RB lebih gaada pemberitahuannya kenapa tolong dong,3,0,3.2.0,2026-01-31 03:16:46,"Halo Sahabat @herliani, mohon maaf atas ketidaknyamanannya. Terkait keluhan biaya administrasi kartu mandiri debit, mohon mengirimkan pesan email ke mandiricare@bankmandiri.co.id atau dapat menghubungi Mandiri Call 14000 lalu tekan 2 agar dapat dilakukan pengecekan. Tks~Romi",2026-01-31 03:24:09,3.2.0
0e7fbb2c-11cc-476e-bfc6-428278ec57f3,Sherly Vania Amanda,https://play-lh.googleusercontent.com/a-/ALV-UjWKnVMj2A4ydeyYuKs9DIwO71FsCCkYr9AMfsC98cNJvIRp8iY,"aplikasi BIKIN EMOSI, ABIS UPDATE MAKIN AMBURADUL. makin jadi sering ada crash. gabisa transaksi grgr jam otomatis apalah. jangan bilang force close ini udah bolak balik di lakuin. BIKIN KESEL. PAS URGENT GABISA DI PAKE TUH KAYAK GA FUNGSI BNGT.",1,0,3.2.0,2026-02-23 14:12:20,"Halo Sahabat @Sherly Vania Amanda, mohon maaf atas ketidaknyamanannya. Terkait kendala Sahabat mohon untuk dapat mengirimkan email ke mandiricare@bankmandiri.co.id atau dapat menghubungi Mandiri Call 14000 lalu tekan 2 agar dapat dilakukan pengecekan. Tks~Risa",2026-02-23 14:16:27,3.2.0
fb1c956a-465c-4111-a4b4-ceac53aae10f,Eneng Mmhpandu,https://play-lh.googleusercontent.com/a-/ALV-UjUPBvlqgzbE3-_ptpxDQbLdfHERBBJIiPJSoBd4ODvvflv3ylc,"tolong dong di perbaiki lagi app ny,mau login ga bisa pdhal jaringan bagus,,masa harus unstall trs download lagi Livin nya,,jngan mengecewakan nasabahmu,beri pelayanan yg terbaik,mohon di perbaiki dn terima kasih",2,1,3.2.0,2026-02-23 10:55:09,"Halo Sahabat @Eneng Mmhpandu, mohon maaf atas ketidaknyamanannya. Terkait kendala Sahabat mohon untuk dapat mengirimkan email ke mandiricare@bankmandiri.co.id atau dapat menghubungi Mandiri Call 14000 lalu tekan 2 agar dapat dilakukan pengecekan. Tks~Rere
",2026-02-23 11:07:51,3.2.0
2a73d366-45d1-4989-a2a7-2098a807d02d,Dodi Ardiansyah,https://play-lh.googleusercontent.com/a-/ALV-UjUc21XJbhETihO_bio0ARE2eDhdCl6Hn2nrTeRTkuKeVhAc70A,"setiap ingin melakukan transfer terutama transfer ke wallet pilih buku telp lalu masuk lagi ke livin selalu loading gak bisa buka sama sekali, selalu begitu aplikasi lelet",1,1,3.2.0,2026-02-01 19:29:58,"Halo Sahabat @Dodi Ardiansyah, mohon maaf atas ketidaknyamanannya. Apabila terdapat kendala agar dapat kami tindaklanjuti, Sahabat dapat mengirimkan email ke mandiricare@bankmandiri.co.id atau menghubungi layanan Mandiri Call 14000 ya. Tks~Alza",2026-02-01 19:33:17,3.2.0
67291ef6-932f-42ea-949b-898dd80b3b91,ArtHa WIdiat,https://play-lh.googleusercontent.com/a-/ALV-UjWgCv5lwVjr4dUxMmrUKZ0HYuBDlyteVmrVgCKW3qqoi_L9fyg,terlalu banyak potongan biaya adminnya sehingga membuat tidak nyaman bagi nasabahnya belum 1 bulan sudah di potong biaya admin......sangat mengecewakan.....sangat mengecewakan,1,1,3.2.0,2026-02-12 05:20:26,"Hi Sahabat @ArtHa WIdiat, mohon maaf atas ketidaknyamanannya. Terkait kendala Sahabat mohon untuk dapat mengirimkan email ke mandiricare@bankmandiri.co.id atau dapat menghubungi mandiri call 14000 agar dapat dilakukan pengecekan. Tks~Mandala",2026-02-12 05:23:32,3.2.0
ea862ee0-8ff6-4951-af45-be0a85b2a409,Saerul Akbar,https://play-lh.googleusercontent.com/a/ACg8ocJtDZVfP-z5zZic7Zf5vOkjE4hSKORsETEBuqy_g6zPeoGmYSg=mo,"sumpah ini kenapa verifikasi wajah nyaa gak bisa terus sii padahal jelas jelas Uda di tempat terang Uda nunggu sampe 1 jam lebih sedang proses terus ,Uda percaya sama Livin mandii tapi di bikin kecewa,bukan nambah seneng kalo gini cara nya sensara yang ada",5,0,3.2.0,2026-02-08 08:55:47,"Hai Sahabat @Saerul Akbar, mohon maaf atas ketidaknyamanannya. Terkait kendala Sahabat mohon untuk dapat mengirimkan email ke mandiricare@bankmandiri.co.id atau menghubungi Mandiri Call 14000 lalu tekan 2 agar dapat dilakukan pengecekan. Tks~Divia",2026-02-08 09:13:06,3.2.0
fa68340f-df90-4215-9c13-3538aea8ee5a,endah f,https://play-lh.googleusercontent.com/a/ACg8ocLj9KmPteZ277eZ9qq0ECL0bmVZRasxynvk4WkdBWhkpuOmHA=mo,"Dari kemarin cuma stuck di logo LIVIN ga bisa masuk ke menu, ini MANDIRI gimana sih nggak segera diperbaiki? dikira nasabah ga butuh buat transaknsi? TOLONG SEGERA DIPERBAIKI",1,4,3.2.0,2026-02-01 13:46:54,"Hai Sahabat @endah f, mohon maaf atas ketidaknyamanannya. Terkait kendala Sahabat mohon untuk dapat mengirimkan email ke mandiricare@bankmandiri.co.id atau dapat menghubungi Mandiri Call 14000 lalu tekan 2 agar dapat dilakukan pengecekan. Tks~Kila",2026-02-01 13:50:55,3.2.0
7f76760d-5c4e-462e-ac8d-e3727a45d5d1,Iwan Apriadi,https://play-lh.googleusercontent.com/a-/ALV-UjVYmIWCIdIuLBJ_8mSAK8tXG_7Kovl6H1easz4QaIK5z5AyjNPG,"Saya Baca Semua Keluhan Konsumen , Hampir Semua Nya Mengeluhkan Aplikasi LIVIN. Semuanya Mengalami Problem Yang Hampir Kebanyakan Sama Sudah Seharusnya BANK MANDIRI Melakukan Perbaikan Secara Besar-Besaran Di 2026. Aplikasi Livin Terlalu Berat, Terlalu Banyak Menu Di Tampilan User Interface Nya, Buat Lah Secara SIMPLE. MANDIRI HARUS MENCONTOH APLIKASI MyBCA. SANGAT SIMPLE, MUDAH DI PAHAMI OLEH KONSUMEN DAN TIDAK TERLALU RIBET DENGAN USER INTERFACENYA, GAMPANG DAN TIDAK BANYAK MENU TAMPILAN.",1,1,3.2.0,2026-01-30 14:26:28,"Hi Sahabat @Iwan Apriadi, terima kasih atas review yang telah diberikan. Semoga terus menikmati kemudahan dan kenyamanan dalam menggunakan Livin' by Mandiri ya. Daftarkan transaksi secepat kilat pada menu Quick Pick untuk diakses pada halaman Login atau Beranda. Yuk coba sekarang. Tks~Mandala",2026-01-30 15:11:44,3.2.0
aa1548bd-727a-4ff9-9fce-ba16b949efbb,Yohanna Audrey Hartini Putri,https://play-lh.googleusercontent.com/a/ACg8ocL2vXK807y3vtizN9fUVy74kcG8JGNHUNSf1dXSI3pLJM0CsQ=mo,"Terlalu lama untuk buka aplikasinya. Trus tiba2 nggak bisa dibuka katanya ""Belum berhasil terhubung"". Nggak tau kenapa padahal jaringan aman dan lancar",2,2,3.2.0,2026-02-19 12:19:04,"Halo Sahabat @Yohanna Audrey Hartini Putri, mohon maaf atas ketidaknyamanannya. Terkait kendala Sahabat mohon untuk dapat mengirimkan email ke mandiricare@bankmandiri.co.id atau dapat menghubungi Mandiri Call 14000 lalu tekan 2 agar dapat dilakukan pengecekan. Tks~Danellla",2026-02-19 12:21:48,3.2.0
99fef67b-8e48-475a-bf90-46dda0b96a95,Carolline Natalia Sirait,https://play-lh.googleusercontent.com/a-/ALV-UjV4tQe0AwkUek9MiqPagKIQuEOB7sLcUNMsmkIhIhJepl8-FFE,"Gajelas, mau top up ewallet gabisa mulu.. padahal ada saldonya, ""pembayaran tidak berhasil"" apaan coba maksud nya? tolong dong ini gimana. sebel saya lama lama pake apk ini",1,0,3.2.0,2026-02-17 21:52:46,"Halo Sahabat @Carolline Natalia Sirait, mohon maaf atas ketidaknyamanannya. Terkait kendala Sahabat mohon untuk dapat mengirimkan email ke mandiricare@bankmandiri.co.id atau dapat menghubungi Mandiri Call 14000 lalu tekan 2 agar dapat dilakukan pengecekan. Tks~Amar",2026-02-17 22:37:38,3.2.0
59033830-0738-4f29-8506-3330f23c3316,Kidal Bolang,https://play-lh.googleusercontent.com/a-/ALV-UjUH9H08zRf7HIOjWIB5UTTtXEuRQA_NZ3ZBbmFRfyIt9mh3gl4S,aplikasi makin lelet. baru keluar sebentar sudah logout. keluar gak sampe 1 menit kita buka lagi harus login lagi. maka lelet betul,3,4,3.2.0,2026-02-04 10:00:24,"Halo Sahabat @Kidal Bolang, mohon maaf atas ketidaknyamanannya. Terkait kendala Sahabat mohon untuk dapat mengirimkan email ke mandiricare@bankmandiri.co.id atau dapat menghubungi Mandiri Call 14000 lalu tekan 2 agar dapat dilakukan pengecekan. Tks~Momo",2026-02-04 10:01:35,3.2.0
07e3bd96-4e45-4d83-83e1-5a48b9f794d5,Kupu Bayu,https://play-lh.googleusercontent.com/a/ACg8ocKIDxJdrruDN7cdYeCovkSevqjDW2LQ6qlg8PuVjucaoCmg3g=mo,kalo mau transaksi sering gagal. saya uninstal dan download lg emng lngsung bisa transaksi. tapi selang beberapa hari mau transaksi lagi gagal lagi. sampe udh 3x uninstal dan download masih tttp aja. merepotkan!,1,0,3.2.0,2026-02-03 20:24:17,"Halo Sahabat @Kupu Bayu, mohon maaf atas ketidaknyamannya. Perihal kendala pada layanan Livin' by Mandiri, mohon untuk dapat mengirimkan email ke mandiricare@bankmandiri.co.id atau dapat menghubungi layanan mandiri 14000 agar dapat dilakukan pengecekan. Tks~Abrar",2026-02-03 20:27:27,3.2.0
